title,year,rating_score,rating_people,runtime,star5,star4,director,screenwriter,actor_1,actor_2,actor_3,country,genre_1,genre_2,imdb_link,quote
肖申克的救赎,1994,9.6,731795,142,81.4%,16.3%,弗兰克·德拉邦特,弗兰克·德拉邦特,蒂姆·罗宾斯,摩根·弗里曼,鲍勃·冈顿,美国,剧情,犯罪,http://www.imdb.com/title/tt0111161,希望让人自由。
这个杀手不太冷,1994,9.4,703270,133,73.5%,22.7%,吕克·贝松,吕克·贝松,让·雷诺,娜塔莉·波特曼,加里·奥德曼,法国,剧情,动作,http://www.imdb.com/title/tt0110413,怪蜀黍和小萝莉不得不说的故事。
霸王别姬,1993,9.5,513307,171,77.0%,19.5%,陈凯歌,芦苇,张国荣,张丰毅,巩俐,中国大陆/香港,剧情,爱情,http://www.imdb.com/title/tt0106332,风华绝代。
阿甘正传,1994,9.4,611981,142,73.6%,22.5%,罗伯特·泽米吉斯,艾瑞克·罗斯,汤姆·汉克斯,罗宾·怀特,加里·西尼斯,美国,剧情,爱情,http://www.imdb.com/title/tt0109830,一部美国近现代史。
美丽人生,1997,9.5,350156,116,76.6%,19.9%,罗伯托·贝尼尼,文森佐·克拉米,罗伯托·贝尼尼,尼可莱塔·布拉斯基,乔治·坎塔里尼,意大利,剧情,喜剧,http://www.imdb.com/title/tt0118799,最美的谎言。
千与千寻,2001,9.2,561022,125,65.9%,28.2%,宫崎骏,宫崎骏,柊瑠美,入野自由,夏木真理,日本,剧情,动画,http://www.imdb.com/title/tt0245429,最好的宫崎骏，最好的久石让。 
辛德勒的名单,1993,9.4,324674,195,72.8%,23.3%,史蒂文·斯皮尔伯格,托马斯·肯尼利,连姆·尼森,本·金斯利,拉尔夫·费因斯,美国,剧情,历史,http://www.imdb.com/title/tt0108052,拯救一个人，就是拯救整个世界。
海上钢琴师,1998,9.2,525630,165,66.1%,27.3%,朱塞佩·托纳多雷,亚利桑德罗·巴里克,蒂姆·罗斯,普路特·泰勒·文斯,比尔·努恩,意大利,剧情,音乐,http://www.imdb.com/title/tt0120731,每个人都要走一条自己坚定了的路，就算是粉身碎骨。 
机器人总动员,2008,9.3,442329,98,69.4%,25.1%,安德鲁·斯坦顿,安德鲁·斯坦顿,本·贝尔特,艾丽莎·奈特,杰夫·格尔林,www.pixar.com/features_films/WALLE,喜剧,爱情,http://www.pixar.com/features_films/WALLE,小瓦力，大人生。
盗梦空间,2010,9.2,672762,148,67.5%,27.1%,克里斯托弗·诺兰,克里斯托弗·诺兰,莱昂纳多·迪卡普里奥,约瑟夫·高登-莱维特,艾伦·佩吉,美国/英国,剧情,动作,http://www.imdb.com/title/tt1375666,诺兰给了我们一场无法盗取的梦。
泰坦尼克号,1997,9.1,562598,194,65.2%,27.7%,詹姆斯·卡梅隆,詹姆斯·卡梅隆,莱昂纳多·迪卡普里奥,凯特·温丝莱特,比利·赞恩,www.titanicmovie.com,剧情,爱情,http://www.titanicmovie.com,失去的才是永恒的。 
三傻大闹宝莱坞,2009,9.1,578117,171,66.0%,26.2%,拉吉库马尔·希拉尼,Vidhu Vinod Chopra,阿米尔·汗,卡琳娜·卡普尔,马达范,印度,剧情,喜剧,http://www.imdb.com/title/tt1187043,英俊版憨豆，高情商版谢耳朵。
放牛班的春天,2004,9.2,390599,97,64.3%,30.2%,克里斯托夫·巴拉蒂,Georges Chaperot,杰拉尔·朱诺,让-巴蒂斯特·莫尼耶,弗朗索瓦·贝利昂,法国/瑞士/德国,剧情,音乐,http://www.imdb.com/title/tt0372824,天籁一般的童声，是最接近上帝的存在。 
忠犬八公的故事,2009,9.2,375720,93,66.7%,26.7%,莱塞·霍尔斯道姆,Stephen P. Lindsey,理查·基尔,萨拉·罗默尔,琼·艾伦,美国/英国,剧情,,http://www.imdb.com/title/tt1028532,永远都不能忘记你所爱的人。
大话西游之大圣娶亲,1995,9.1,388741,95,64.6%,27.3%,刘镇伟,刘镇伟,周星驰,吴孟达,朱茵,香港/中国大陆,喜剧,动作,http://www.imdb.com/title/tt0114996,一生所爱。
龙猫,1988,9.1,363706,86,63.4%,29.7%,宫崎骏,宫崎骏,日高法子,坂本千夏,岛本须美,日本,动画,奇幻,http://www.imdb.com/title/tt0096283,人人心中都有个龙猫，童年就永远不会消失。
教父,1972,9.2,298280,175,67.5%,25.7%,弗朗西斯·福特·科波拉,马里奥·普佐,马龙·白兰度,阿尔·帕西诺,詹姆斯·肯恩,美国,剧情,犯罪,http://www.imdb.com/title/tt0068646,千万不要记恨你的对手，这样会让你失去理智。
乱世佳人,1939,9.2,236898,238,66.5%,27.4%,维克多·弗莱明,西德尼·霍华德,克拉克·盖博,费雯·丽,莱斯利·霍华德,美国,剧情,爱情,http://www.imdb.com/title/tt0031381,Tomorrow is another day.
天堂电影院,1988,9.1,273050,155,63.3%,30.0%,朱塞佩·托纳多雷,Carl Paoli,安东娜拉·塔莉,恩佐·卡拉瓦勒,艾萨·丹尼埃利,意大利/法国,剧情,爱情,http://www.imdb.com/title/tt0095765,那些吻戏，那些青春，都在影院的黑暗里被泪水冲刷得无比清晰。
楚门的世界,1998,9.0,377475,103,57.5%,35.0%,彼得·威尔,安德鲁·尼科尔,金·凯瑞,劳拉·琳妮,艾德·哈里斯,美国,剧情,,http://www.imdb.com/title/tt0120382,如果再也不能见到你，祝你早安，午安，晚安。
当幸福来敲门,2006,8.9,471788,117,55.1%,35.7%,加布里尔·穆奇诺,史帝文·康拉德,威尔·史密斯,贾登·史密斯,坦迪·牛顿,美国,剧情,家庭,http://www.imdb.com/title/tt0454921,平民励志片。 
触不可及,2011,9.1,314545,112,62.7%,31.5%,奥利维·那卡什,奥利维·那卡什,弗朗索瓦·克鲁塞,奥玛·赛,安乐妮,法国,剧情,喜剧,http://www.imdb.com/title/tt1675434,满满温情的高雅喜剧。
指环王3：王者无敌,2003,9.1,252276,201,62.8%,28.6%,彼得·杰克逊,弗兰·威尔士,维果·莫腾森,伊利亚·伍德,西恩·奥斯汀,www.lordoftherings.net/,剧情,动作,http://www.lordoftherings.net/,史诗的终章。
十二怒汉,1957,9.3,145273,96,71.9%,23.2%,西德尼·吕美特,雷金纳德·罗斯,亨利·方达,马丁·鲍尔萨姆,约翰·菲尔德,美国,剧情,,http://www.imdb.com/title/tt0050083,1957年的理想主义。 
罗马假日,1953,8.9,337415,118,56.1%,35.1%,威廉·惠勒,达尔顿·特朗勃,奥黛丽·赫本,格利高里·派克,埃迪·艾伯特,美国,剧情,喜剧,http://www.imdb.com/title/tt0046250,爱情哪怕只有一天。
怦然心动,2010,8.9,458464,90,54.6%,35.7%,罗伯·莱纳,罗伯·莱纳,玛德琳·卡罗尔,卡兰·麦克奥利菲,瑞贝卡·德·莫妮,美国,剧情,喜剧,http://www.imdb.com/title/tt0817177,真正的幸福是来自内心深处。
天空之城,1986,9.0,286632,124,57.5%,34.5%,宫崎骏,宫崎骏,田中真弓,鹫尾真知子,初井言荣,日本,动画,奇幻,http://www.imdb.com/title/tt0092067,对天空的追逐，永不停止。 
无间道,2002,8.9,338006,101,55.0%,36.3%,刘伟强,麦兆辉,刘德华,梁朝伟,黄秋生,香港,悬疑,惊悚,http://www.imdb.com/title/tt0338564,香港电影史上永不过时的杰作。
两杆大烟枪,1998,9.0,242716,107,60.6%,31.7%,盖·里奇,盖·里奇,杰森·弗莱明,德克斯特·弗莱彻,尼克·莫兰,英国,剧情,喜剧,http://www.imdb.com/title/tt0120735,4个臭皮匠顶个诸葛亮，盖·里奇果然不是盖的。
飞屋环游记,2009,8.9,444111,96,54.3%,36.1%,彼特·道格特,鲍勃·彼德森,爱德华·阿斯纳,克里斯托弗·普卢默,乔丹·长井,美国,剧情,喜剧,http://www.imdb.com/title/tt1049413,最后那些最无聊的事情，才是最值得怀念的。 
大话西游之月光宝盒,1995,8.9,337102,87,56.5%,33.1%,刘镇伟,刘镇伟,周星驰,吴孟达,罗家英,香港/中国大陆,喜剧,动作,http://www.imdb.com/title/tt0112778,旷古烁今。
少年派的奇幻漂流,2012,9.0,513707,127,60.7%,31.4%,李安,扬·马特尔,苏拉·沙玛,拉菲·斯波,伊尔凡·可汗,www.lifeofpimovie.com,剧情,奇幻,http://www.lifeofpimovie.com,瑰丽壮观、无人能及的冒险之旅。
飞越疯人院,1975,9.0,244475,133,59.1%,32.8%,米洛斯·福尔曼,劳伦斯·奥邦,杰克·尼科尔森,丹尼·德维托,克里斯托弗·洛伊德,美国,剧情,,http://www.imdb.com/title/tt0073486,自由万岁。
鬼子来了,2000,9.1,191856,139,64.0%,28.5%,姜文,姜文,姜文,香川照之,袁丁,中国大陆,剧情,战争,http://www.imdb.com/title/tt0245929,对敌人的仁慈，就是对自己残忍。
海豚湾,2009,9.3,164771,92,71.4%,22.5%,路易·西霍尤斯,马克·蒙雷,John Chisholm,Mandy-Rae Cruikshank,Charles Hambleton,www.thecovemovie.com,纪录片,,http://www.thecovemovie.com,海豚的微笑，是世界上最高明的伪装。
蝙蝠侠：黑暗骑士,2008,9.0,271940,152,59.5%,30.6%,克里斯托弗·诺兰,乔纳森·诺兰,克里斯蒂安·贝尔,希斯·莱杰,艾伦·艾克哈特,thedarkknight.warnerbros.com,剧情,动作,http://thedarkknight.warnerbros.com,无尽的黑暗。
窃听风暴,2006,9.1,188766,137,62.6%,30.5%,弗洛里安·亨克尔·冯·多纳斯马,弗洛里安·亨克尔·冯·多纳斯马,乌尔里希·穆埃,马蒂娜·戈黛特,塞巴斯蒂安·科赫,德国,剧情,悬疑,http://www.imdb.com/title/tt0405094,别样人生。
活着,1994,9.0,218390,132,58.4%,33.8%,张艺谋,余华,葛优,巩俐,姜武,中国大陆/香港,剧情,家庭,http://www.imdb.com/title/tt0110081,张艺谋最好的电影。
V字仇杀队,2005,8.8,355822,132,54.8%,33.1%,詹姆斯·麦克特格,莉莉·沃卓斯基,娜塔莉·波特曼,雨果·维文,鲁珀特·格雷夫斯,美国/英国/德国,剧情,动作,http://www.imdb.com/title/tt0434409,一张面具背后的理想与革命。
闻香识女人,1992,8.9,277081,157,54.4%,36.2%,马丁·布莱斯,博·古德曼,阿尔·帕西诺,克里斯·奥唐纳,詹姆斯·瑞布霍恩,美国,剧情,,http://www.imdb.com/title/tt0105323,史上最美的探戈。
天使爱美丽,2001,8.7,430936,122,51.6%,35.2%,让-皮埃尔·热内,吉罗姆·洛朗,奥黛丽·塔图,马修·卡索维茨,贾梅尔·杜布兹,法国/德国,喜剧,爱情,http://www.imdb.com/title/tt0211915,法式小清新。 
美丽心灵,2001,8.9,267502,135,53.3%,38.0%,朗·霍华德,阿齐瓦·高斯曼,罗素·克劳,詹妮弗·康纳利,艾德·哈里斯,美国,剧情,传记,http://www.imdb.com/title/tt0268978,爱是一切逻辑和原由。
指环王2：双塔奇兵,2002,8.9,239883,179,57.1%,33.0%,彼得·杰克逊,弗兰·威尔士,伊利亚·伍德,西恩·奥斯汀,伊恩·麦克莱恩,www.lordoftherings.net,剧情,动作,http://www.lordoftherings.net,承前启后的史诗篇章。
指环王1：魔戒再现,2001,8.9,267360,178,55.9%,33.4%,彼得·杰克逊,弗兰·威尔士,伊利亚·伍德,西恩·奥斯汀,伊恩·麦克莱恩,www.lordoftherings.net,剧情,动作,http://www.lordoftherings.net,传说的开始。
教父2,1974,9.1,161127,202,62.1%,30.6%,弗朗西斯·福特·科波拉,马里奥·普佐,阿尔·帕西诺,罗伯特·杜瓦尔,黛安·基顿,美国,剧情,犯罪,http://www.imdb.com/title/tt0071562,优雅的孤独。
星际穿越,2014,9.1,410287,169,64.5%,27.8%,克里斯托弗·诺兰,乔纳森·诺兰,马修·麦康纳,安妮·海瑟薇,杰西卡·查斯坦,www.interstellarmovie.com,剧情,科幻,http://www.interstellarmovie.com,爱是一种力量，让我们超越时空感知它的存在。
哈尔的移动城堡,2004,8.8,295979,119,52.7%,36.4%,宫崎骏,宫崎骏,倍赏千惠子,木村拓哉,美轮明宏,日本,爱情,动画,http://www.imdb.com/title/tt0347149,带着心爱的人在天空飞翔。
七宗罪,1995,8.7,386844,127,48.3%,40.5%,大卫·芬奇,安德鲁·凯文·沃克,摩根·弗里曼,布拉德·皮特,凯文·史派西,美国,剧情,悬疑,http://www.imdb.com/title/tt0114369,警察抓小偷，老鼠玩死猫。
情书,1995,8.8,317622,117,52.3%,35.4%,岩井俊二,岩井俊二,中山美穗,丰川悦司,酒井美纪,日本,剧情,爱情,http://www.imdb.com/title/tt0113703,暗恋的极致。
死亡诗社,1989,8.9,235691,128,55.4%,34.6%,彼得·威尔,汤姆·舒尔曼,罗宾·威廉姆斯,罗伯特·肖恩·莱纳德,伊桑·霍克,美国,剧情,,http://www.imdb.com/title/tt0097165,当一个死水般的体制内出现一个活跃的变数时，所有的腐臭都站在了光明的对面。
美国往事,1984,9.1,150434,229,62.2%,30.1%,赛尔乔·莱翁内,皮耶罗·德·伯纳迪,罗伯特·德尼罗,詹姆斯·伍兹,詹妮弗·康纳利,www.onceuponatimeinamerica.net,剧情,犯罪,http://www.onceuponatimeinamerica.net,往事如烟，无处祭奠。
勇敢的心,1995,8.8,263901,177,53.3%,35.3%,梅尔·吉布森,兰道尔·华莱士,梅尔·吉布森,苏菲·玛索,布莱恩·考克斯,美国,剧情,动作,http://www.imdb.com/title/tt0112573,史诗大片的典范。
剪刀手爱德华,1990,8.7,426467,105,47.6%,39.4%,蒂姆·波顿,卡罗琳·汤普森,约翰尼·德普,薇诺娜·瑞德,黛安·韦斯特,美国,剧情,爱情,http://www.imdb.com/title/tt0099487,浪漫忧郁的成人童话。
钢琴家,2002,9.0,176356,150,56.9%,35.7%,罗曼·波兰斯基,罗纳德·哈伍德,艾德里安·布洛迪,托马斯·克莱舒曼,艾米莉娅·福克斯,法国/德国/英国/波兰,剧情,传记,http://www.imdb.com/title/tt0253474,音乐能化解仇恨。
致命魔术,2006,8.8,295134,130,50.3%,39.3%,克里斯托弗·诺兰,乔纳森·诺兰,克里斯蒂安·贝尔,休·杰克曼,迈克尔·凯恩,美国/英国,剧情,悬疑,http://www.imdb.com/title/tt0482571,孪生蝙蝠侠大战克隆金刚狼。
狮子王,1994,8.8,245472,89,52.7%,37.0%,罗杰·阿勒斯,艾琳·梅琪,乔纳森·泰勒·托马斯,马修·布罗德里克,杰瑞米·艾恩斯,美国,剧情,动画,http://www.imdb.com/title/tt0110357,动物版《哈姆雷特》。
被嫌弃的松子的一生,2006,8.9,224919,130,55.8%,33.4%,中岛哲也,中岛哲也,中谷美纪,瑛太,香川照之,日本,剧情,歌舞,http://www.imdb.com/title/tt0768120,以戏谑来戏谑戏谑。
音乐之声,1965,8.9,203233,174,54.5%,35.9%,罗伯特·怀斯,恩斯特·莱赫曼,朱莉·安德鲁斯,克里斯托弗·普卢默,埃琳诺·帕克,美国,剧情,爱情,http://www.imdb.com/title/tt0059742,用音乐化解仇恨，让歌声串起美好。
小鞋子,1997,9.1,114326,89,63.0%,31.4%,马基德·马基迪,马基德·马基迪,Amir Farrokh Hashemian,默罕默德·阿米尔·纳吉,Bahare Seddiqi,http,剧情,家庭,http://www.cinemajidi.com/children/,奔跑的孩子是天使。
低俗小说,1994,8.7,284902,154,50.8%,36.9%,昆汀·塔伦蒂诺,昆汀·塔伦蒂诺,约翰·特拉沃尔塔,乌玛·瑟曼,阿曼达·普拉莫,美国,剧情,犯罪,http://www.imdb.com/title/tt0110912,故事的高级讲法。
入殓师,2008,8.8,284977,130,49.8%,39.8%,泷田洋二郎,小山薰堂,本木雅弘,广末凉子,山崎努,www.okuribito.jp,剧情,,http://www.okuribito.jp,死可能是一道门，逝去并不是终结，而是超越，走向下一程。
蝴蝶效应,2004,8.7,335908,113,46.6%,41.0%,埃里克·布雷斯,J.麦基·格鲁伯,阿什顿·库彻,艾米·斯马特,埃尔登·汉森,美国/加拿大,剧情,科幻,http://www.imdb.com/title/tt0289879,人的命运被自己瞬间的抉择改变。
辩护人,2013,9.1,155609,127,62.1%,31.7%,杨宇硕,杨宇硕,宋康昊,吴达洙,金英爱,www.lawyersong.kr,剧情,,http://www.lawyersong.kr,电影的现实意义大过电影本身。
沉默的羔羊,1991,8.7,302816,118,46.6%,42.0%,乔纳森·戴米,Thomas Harris,朱迪·福斯特,安东尼·霍普金斯,斯科特·格伦,美国,剧情,惊悚,http://www.imdb.com/title/tt0102926,安东尼·霍普金斯的顶级表演。
玛丽和马克思,2009,8.9,212415,80,55.9%,34.1%,亚当·艾略特,亚当·艾略特,托妮·科莱特,菲利普·塞默·霍夫曼,艾瑞克·巴纳,www.maryandmax.com/,剧情,爱情,http://www.maryandmax.com/,你是我最好的朋友，你是我唯一的朋友 。
本杰明·巴顿奇事,2008,8.7,348215,166,48.1%,39.2%,大卫·芬奇,艾瑞克·罗斯,布拉德·皮特,凯特·布兰切特,塔拉吉·P·汉森,美国,剧情,爱情,http://www.imdb.com/title/tt0421715,在时间之河里感受溺水之苦。
饮食男女,1994,9.0,149571,124,55.5%,37.2%,李安,李安,吴倩莲,杨贵媚,王渝文,台湾/美国,剧情,家庭,http://www.imdb.com/title/tt0111797,人生不能像做菜，把所有的料都准备好了才下锅。
黑客帝国,1999,8.7,240901,136,51.5%,35.7%,莉莉·沃卓斯基,莉莉·沃卓斯基,基努·里维斯,凯瑞-安·莫斯,劳伦斯·菲什伯恩,美国/澳大利亚,动作,科幻,http://www.imdb.com/title/tt0133093,视觉革命。
拯救大兵瑞恩,1998,8.8,197712,169,50.8%,38.9%,史蒂文·斯皮尔伯格,罗伯特·罗达特,汤姆·汉克斯,汤姆·塞兹摩尔,爱德华·伯恩斯,http,剧情,历史,http://www.rzm.com/pvt.ryan/index.html,美利坚精神输出大片No1.
西西里的美丽传说,2000,8.7,290904,109,45.5%,42.6%,朱塞佩·托纳多雷,朱塞佩·托纳多雷,莫妮卡·贝鲁奇,圭塞佩·苏尔法罗,Luciano Federico,意大利/美国,剧情,情色,http://www.imdb.com/title/tt0213847,美丽无罪。
控方证人,1957,9.5,54337,116,79.6%,18.3%,比利·怀德,阿加莎·克里斯蒂,泰隆·鲍华,玛琳·黛德丽,查尔斯·劳顿,美国,剧情,悬疑,http://www.imdb.com/title/tt0051201,比利·怀德满分作品。
幽灵公主,1997,8.8,202235,134,50.5%,38.0%,宫崎骏,宫崎骏,松田洋治,石田百合子,田中裕子,日本,动画,奇幻,http://www.imdb.com/title/tt0119698,人与自然的战争史诗。
心灵捕手,1997,8.7,227224,126,47.6%,41.6%,格斯·范·桑特,本·阿弗莱克,马特·达蒙,罗宾·威廉姆斯,本·阿弗莱克,美国,剧情,,http://www.imdb.com/title/tt0119217,人生中应该拥有这样的一段豁然开朗。
第六感,1999,8.8,200005,107,49.2%,40.4%,M·奈特·沙马兰,M·奈特·沙马兰,布鲁斯·威利斯,海利·乔·奥斯蒙,托妮·科莱特,美国,剧情,悬疑,http://www.imdb.com/title/tt0167404,深入内心的恐怖，出人意料的结局。
大鱼,2003,8.7,216714,125,49.8%,38.1%,蒂姆·波顿,Daniel Wallace,伊万·麦克格雷格,阿尔伯特·芬尼,比利·克鲁德普,美国,剧情,家庭,http://www.imdb.com/title/tt0319061,抱着梦想而活着的人是幸福的，怀抱梦想而死去的人是不朽的。
阳光灿烂的日子,1994,8.7,232313,134,47.8%,40.6%,姜文,姜文,夏雨,宁静,陶虹,中国大陆/香港,剧情,,http://www.imdb.com/title/tt0111786,一场华丽的意淫。
让子弹飞,2010,8.7,554242,132,49.6%,36.8%,姜文,朱苏进,姜文,葛优,周润发,中国大陆/香港,剧情,喜剧,http://www.imdb.com/title/tt1533117,你给我翻译翻译，神马叫做TMD的惊喜。
射雕英雄传之东成西就,1993,8.7,235659,100,52.6%,32.3%,刘镇伟,刘镇伟,梁朝伟,林青霞,张国荣,香港,喜剧,古装,http://www.imdb.com/title/tt0108074,百看不厌。 
阳光姐妹淘,2011,8.8,229836,124,52.4%,36.4%,姜炯哲,姜炯哲,沈恩京,闵孝琳,姜素拉,韩国,剧情,喜剧,http://www.imdb.com/title/tt1937339,再多各自牛逼的时光，也比不上一起傻逼的岁月。 
上帝之城,2002,8.9,138664,130,54.2%,36.6%,卡迪亚·兰德,布罗里欧·曼托伐尼,亚历桑德雷·罗德里格斯,Leandro Firmino,菲利佩·哈根森,巴西/法国,剧情,犯罪,http://www.imdb.com/title/tt0317248,被上帝抛弃了的上帝之城。
素媛,2013,9.0,132704,123,60.0%,33.0%,李濬益,金智慧,薛耿求,严志媛,李来,www.wish-movie.kr,剧情,家庭,http://www.wish-movie.kr,受过伤害的人总是笑得最开心，因为他们不愿意让身边的人承受一样的痛苦。
大闹天宫,1961,9.2,80081,114,67.7%,24.3%,万籁鸣,李克弱,邱岳峰,富润生,毕克,中国大陆,动画,奇幻,http://www.imdb.com/title/tt0059855,经典之作，历久弥新。
春光乍泄,1997,8.7,199342,96,49.1%,38.6%,王家卫,王家卫,张国荣,梁朝伟,张震,香港/日本/韩国,剧情,爱情,http://www.imdb.com/title/tt0118845,爱情纠缠，男女一致。
重庆森林,1994,8.6,268388,102,45.5%,40.7%,王家卫,王家卫,林青霞,金城武,梁朝伟,香港,剧情,爱情,http://www.imdb.com/title/tt0109424,寂寞没有期限。
禁闭岛,2010,8.6,306223,138,43.0%,44.9%,马丁·斯科塞斯,莱塔·卡罗格里迪斯,莱昂纳多·迪卡普里奥,马克·鲁弗洛,本·金斯利,美国,剧情,悬疑,http://www.imdb.com/title/tt1130884,昔日翩翩少年，今日大腹便便。
萤火虫之墓,1988,8.7,178144,89,52.9%,33.7%,高畑勋,高畑勋,辰己努,白石绫乃,志乃原良子,日本,剧情,动画,http://www.imdb.com/title/tt0095327,幸福是生生不息，却难以触及的远。 
致命ID,2003,8.6,268403,90,43.1%,44.5%,詹姆斯·曼高德,Michael Cooney,约翰·库萨克,雷·利奥塔,阿曼达·皮特,美国,剧情,悬疑,http://www.imdb.com/title/tt0309698,最不可能的那个人永远是最可能的。
告白,2010,8.6,290026,106,48.5%,37.9%,中岛哲也,中岛哲也,松隆子,冈田将生,木村佳乃,kokuhaku-shimasu.jp,剧情,惊悚,http://kokuhaku-shimasu.jp,没有一人完全善，也没有一人完全恶。
甜蜜蜜,1996,8.7,198577,118,46.8%,41.5%,陈可辛,岸西,黎明,张曼玉,杨恭如,香港,剧情,爱情,http://www.imdb.com/title/tt0117905,逢只要一瞬间，等待却像是一辈子。
一一,2000,8.9,130741,173,57.1%,31.0%,杨德昌,杨德昌,吴念真,李凯莉,金燕玲,台湾/日本,剧情,爱情,http://www.imdb.com/title/tt0244316,我们都曾经是一一。
爱在黎明破晓前,1995,8.7,184661,105,50.5%,36.1%,理查德·林克莱特,理查德·林克莱特,伊桑·霍克,朱莉·德尔佩,安德莉亚·埃克特,美国/奥地利/瑞士,剧情,爱情,http://www.imdb.com/title/tt0112471,缘分是个连绵词，最美不过一瞬。
加勒比海盗,2003,8.5,286695,143,42.0%,44.4%,戈尔·维宾斯基,泰德·艾略特,约翰尼·德普,杰弗里·拉什,奥兰多·布鲁姆,美国,动作,奇幻,http://www.imdb.com/title/tt0325980,约翰尼·德普的独角戏。
阿凡达,2009,8.6,469287,162,47.6%,36.4%,詹姆斯·卡梅隆,詹姆斯·卡梅隆,萨姆·沃辛顿,佐伊·索尔达娜,西格妮·韦弗,www.avatarmovie.com,动作,科幻,http://www.avatarmovie.com,绝对意义上的美轮美奂。
风之谷,1984,8.8,151503,117,50.6%,37.9%,宫崎骏,宫崎骏,岛本须美,京田尚子,松田洋治,日本,科幻,动画,http://www.imdb.com/title/tt0087544,动画片的圣经。
爱在日落黄昏时,2004,8.7,171570,80,51.3%,35.2%,理查德·林克莱特,理查德·林克莱特,伊桑·霍克,朱莉·德尔佩,弗农·多布切夫,美国,剧情,爱情,http://www.imdb.com/title/tt0381681,九年后的重逢是世俗和责任的交叠，没了悸动和青涩，沧桑而温暖。
侧耳倾听,1995,8.8,141261,111,50.8%,37.6%,近藤喜文,宫崎骏,本名阳子,小林桂树,高山南,日本,剧情,爱情,http://www.imdb.com/title/tt0113824,少女情怀总是诗。
驯龙高手,2010,8.7,247405,98,46.4%,41.7%,迪恩·德布洛斯,威廉姆·戴维斯,杰伊·巴鲁切尔,杰拉德·巴特勒,克雷格·费格森,www.dreamworksdragons.com/,喜剧,动画,http://www.dreamworksdragons.com/,和谐的生活离不开摸头与被摸头。
海洋,2009,9.0,90116,104,59.4%,32.0%,雅克·贝汉,Christophe Cheysson,皮尔斯·布鲁斯南,雅克·贝汉,姜文,www.oceans-lefilm.com,纪录片,,http://www.oceans-lefilm.com,大海啊，不全是水。
燃情岁月,1994,8.8,134109,133,51.9%,36.1%,爱德华·兹威克,William D. Wittliff,安东尼·霍普金斯,布拉德·皮特,朱莉娅·奥蒙德,美国,剧情,爱情,http://www.imdb.com/title/tt0110322,传奇，不是每个人都可以拥有。
布达佩斯大饭店,2014,8.7,251601,100,49.3%,38.9%,韦斯·安德森,韦斯·安德森,拉尔夫·费因斯,托尼·雷沃罗利,艾德里安·布洛迪,www.grandbudapesthotel.com,剧情,喜剧,http://www.grandbudapesthotel.com,小清新的故事里注入了大历史的情怀。
断背山,2005,8.5,274371,134,43.8%,40.0%,李安,拉里·麦克穆特瑞,希斯·莱杰,杰克·吉伦哈尔,米歇尔·威廉姆斯,www.brokebackmountain.com,剧情,爱情,http://www.brokebackmountain.com,每个人心中都有一座断背山。
猫鼠游戏,2002,8.7,179292,141,44.5%,44.4%,史蒂文·斯皮尔伯格,杰夫·内桑森,莱昂纳多·迪卡普里奥,汤姆·汉克斯,克里斯托弗·沃肯,美国/加拿大,剧情,传记,http://www.imdb.com/title/tt0264464,骗子大师和执著警探的你追我跑故事。 
超脱,2011,8.7,144491,97,50.9%,37.0%,托尼·凯耶,卡尔·隆德,艾德里安·布洛迪,克里斯蒂娜·亨德里克斯,詹姆斯·肯恩,detachment-film.com,剧情,,http://detachment-film.com,穷尽一生，我们要学会的，不过是彼此拥抱。
摩登时代,1936,9.1,69823,87,63.3%,31.0%,查理·卓别林,查理·卓别林,查理·卓别林,宝莲·高黛,亨利·伯格曼,美国,剧情,喜剧,http://www.imdb.com/title/tt0027977,大时代中的人生，小人物的悲喜。
狩猎,2012,9.0,93944,115,58.1%,34.3%,托马斯·温特伯格,托马斯·温特伯格,麦斯·米科尔森,托玛斯·博·拉森,安妮卡·韦德科普,丹麦/瑞典,剧情,,http://www.imdb.com/title/tt2106476,人言可畏。
幸福终点站,2004,8.6,199638,128,43.8%,43.5%,史蒂文·斯皮尔伯格,Sacha Gervasi,汤姆·汉克斯,凯瑟琳·泽塔-琼斯,斯坦利·图齐,美国,剧情,喜剧,http://www.imdb.com/title/tt0362227,有时候幸福需要等一等。 
神偷奶爸,2010,8.5,320203,95,40.5%,45.4%,皮艾尔·柯芬,肯·道里欧,史蒂夫·卡瑞尔,杰森·席格尔,拉塞尔·布兰德,www.despicableme.com,喜剧,动画,http://www.despicableme.com,Mr. I Don't Care其实也有Care的时候。
虎口脱险,1966,8.9,93482,132,57.2%,32.6%,杰拉尔·乌里,Marcel Jullian,路易·德·菲耐斯,布尔维尔,Claudio Brook,法国/英国,喜剧,战争,http://www.imdb.com/title/tt0060474,永远看不腻的喜剧。
菊次郎的夏天,1999,8.7,149280,121,49.0%,38.6%,北野武,北野武,北野武,关口雄介,岸本加世子,日本,剧情,喜剧,http://www.imdb.com/title/tt0199683,从没见过那么流氓的温柔，从没见过那么温柔的流氓。
谍影重重3,2007,8.7,154633,115,47.9%,40.0%,保罗·格林格拉斯,托尼·吉尔罗伊,马特·达蒙,朱丽娅·斯蒂尔斯,大卫·斯特雷泽恩,美国/德国,动作,悬疑,http://www.imdb.com/title/tt0440963,像吃了苏打饼一样干脆的电影。
真爱至上,2003,8.5,269651,135,43.9%,38.8%,理查德·柯蒂斯,理查德·柯蒂斯,休·格兰特,科林·费尔斯,艾玛·汤普森,www.loveactually.com/,剧情,喜剧,http://www.loveactually.com/,爱，是个动词。
借东西的小人阿莉埃蒂,2010,8.7,187065,94,46.0%,41.7%,米林宏昌,宫崎骏,志田未来,神木隆之介,三浦友和,http,动画,奇幻,http://karigurashi.jp/,曾经的那段美好会沉淀为一辈子的记忆。
雨人,1988,8.6,183731,133,42.3%,46.2%,巴瑞·莱文森,罗纳德·巴斯,达斯汀·霍夫曼,汤姆·克鲁斯,瓦莱莉·高利诺,美国,剧情,,http://www.imdb.com/title/tt0095953,生活在自己的世界里，也可以让周围的人显得可笑和渺小。
贫民窟的百万富翁,2008,8.5,356355,120,40.0%,45.1%,丹尼·博伊尔,西蒙·博福伊,戴夫·帕特尔,芙蕾达·平托,亚尼·卡普,www.foxsearchlight.com/slumdogmillionaire/,剧情,爱情,http://www.foxsearchlight.com/slumdogmillionaire/,上帝之城+猜火车+阿甘正传+开心辞典=山寨富翁
岁月神偷,2010,8.6,270030,117,45.2%,40.9%,罗启锐,罗启锐,吴君如,任达华,钟绍图,香港/中国大陆,剧情,家庭,http://www.imdb.com/title/tt1602572,岁月流逝，来日可追。
疯狂原始人,2013,8.8,327749,98,50.7%,37.4%,柯克·德·米科,克里斯·桑德斯,尼古拉斯·凯奇,瑞恩·雷诺兹,艾玛·斯通,美国,喜剧,动画,http://www.imdb.com/title/tt0481499,老少皆宜，这就是好莱坞动画的魅力。
记忆碎片,2000,8.5,238880,113,42.3%,42.8%,克里斯托弗·诺兰,克里斯托弗·诺兰,盖·皮尔斯,凯瑞-安·莫斯,乔·潘托里亚诺,美国,剧情,悬疑,http://www.imdb.com/title/tt0209144,一个针管引发的血案。
东邪西毒,1994,8.5,217369,100,45.5%,38.3%,王家卫,王家卫,张国荣,张曼玉,梁朝伟,香港/台湾,剧情,动作,http://www.imdb.com/title/tt0109688,电影诗。
七武士,1954,9.1,62828,160,65.0%,27.8%,黑泽明,黑泽明,三船敏郎,志村乔,稻叶义男,日本,剧情,动作,http://www.imdb.com/title/tt0047478,时代悲歌。
倩女幽魂,1987,8.5,206978,98,41.6%,44.9%,程小东,阮继志,张国荣,王祖贤,午马,香港,剧情,爱情,http://www.imdb.com/title/tt0093978,两张绝世的脸。 
哈利·波特与魔法石,2001,8.6,200801,152,43.7%,41.8%,克里斯·哥伦布,斯蒂芬·科洛弗,丹尼尔·雷德克里夫,艾玛·沃森,鲁伯特·格林特,www.harrypotter.co.uk,奇幻,冒险,http://www.harrypotter.co.uk,童话世界的开端。
穿条纹睡衣的男孩,2008,8.8,109277,94,50.0%,41.2%,马克·赫尔曼,马克·赫尔曼,阿萨·巴特菲尔德,维拉·法米加,大卫·休里斯,英国/美国,剧情,战争,http://www.imdb.com/title/tt0914798,尽管有些不切实际的幻想，这部电影依旧是一部感人肺腑的佳作。
穿越时空的少女,2006,8.6,158633,98,46.6%,39.9%,细田守,奥寺佐渡子,仲里依纱,石田卓也,板仓光隆,www.kadokawa.co.jp/tokikake/,剧情,爱情,http://www.kadokawa.co.jp/tokikake/,爱上未来的你。 
末代皇帝,1987,8.7,127690,163,49.3%,39.4%,贝纳尔多·贝托鲁奇,贝纳尔多·贝托鲁奇,尊龙,陈冲,彼得·奥图尔,意大利/中国大陆/英国/法国,剧情,传记,http://www.imdb.com/title/tt0093389,“不要跟我比惨，我比你更惨”再适合这部电影不过了。
怪兽电力公司,2001,8.6,200865,92,42.0%,44.6%,彼特·道格特,安德鲁·斯坦顿,约翰·古德曼,比利·克里斯托,玛丽·吉布斯,www.monstersinc.com,喜剧,动画,http://www.monstersinc.com,不要给它起名字，起了名字就有感情了。
魂断蓝桥,1940,8.8,113933,108,48.9%,40.8%,茂文·勒鲁瓦,乔治·弗罗斯切尔,费雯·丽,罗伯特·泰勒,露塞尔·沃特森,美国,剧情,爱情,http://www.imdb.com/title/tt0033238,中国式内在的美国电影。
恋恋笔记本,2004,8.5,234133,123,42.5%,40.9%,尼克·卡索维茨,扬·萨尔迪,瑞恩·高斯林,瑞秋·麦克亚当斯,吉娜·罗兰兹,美国,剧情,爱情,http://www.imdb.com/title/tt0332280,爱情没有那么多借口，如果不能圆满，只能说明爱的不够。 
猜火车,1996,8.5,212283,94,44.0%,40.3%,丹尼·博伊尔,埃文·威尔什,伊万·麦克格雷格,艾文·布莱纳,约翰尼·李·米勒,英国,剧情,犯罪,http://www.imdb.com/title/tt0117951,不可猜的青春迷笛。 
卢旺达饭店,2004,8.8,99144,121,50.5%,40.7%,特瑞·乔治,凯尔·皮尔森,唐·钱德尔,苏菲·奥康内多,杰昆·菲尼克斯,http,剧情,历史,http://www.mgm.com/ua/hotelrwanda/main.html,当这个世界闭上双眼，他却敞开了怀抱。
黑天鹅,2010,8.5,365698,108,39.8%,45.9%,达伦·阿伦诺夫斯基,安德雷斯·海因斯,娜塔莉·波特曼,米拉·库尼斯,薇诺娜·瑞德,美国,剧情,惊悚,http://www.imdb.com/title/tt0947798,黑暗之美。
消失的爱人,2014,8.7,288307,149,46.9%,42.9%,大卫·芬奇,吉莉安·弗琳,本·阿弗莱克,裴淳华,尼尔·帕特里克·哈里斯,美国,剧情,悬疑,http://www.imdb.com/title/tt2267998,
恐怖直播,2013,8.7,165750,97,47.8%,40.9%,金秉祐,金秉祐,河正宇,李璟荣,全慧珍,韩国,剧情,悬疑,http://www.imdb.com/title/tt2990738,恐怖分子的“秋菊打官司”。
傲慢与偏见,2005,8.4,254681,129,39.4%,43.7%,乔·赖特,黛博拉·莫盖茨,凯拉·奈特莉,马修·麦克费登,唐纳德·萨瑟兰,法国/英国/美国,剧情,爱情,http://www.imdb.com/title/tt0414387,爱是摈弃傲慢与偏见之后的曙光。
完美的世界,1993,9.0,65878,138,58.9%,33.2%,克林特·伊斯特伍德,约翰·李·汉考克,凯文·科斯特纳,劳拉·邓恩,克林特·伊斯特伍德,美国,剧情,犯罪,http://www.imdb.com/title/tt0107808,坏人的好总是比好人的好来得更感人。
教父3,1990,8.7,109133,162,50.2%,37.4%,弗朗西斯·福特·科波拉,马里奥·普佐,阿尔·帕西诺,黛安·基顿,塔莉娅·夏尔,美国,剧情,犯罪,http://www.imdb.com/title/tt0099674,任何信念的力量，都无法改变命运。
秒速5厘米,2007,8.4,238612,63,44.6%,35.9%,新海诚,新海诚,水桥研二,近藤好美 ,尾上绫华,www.cwfilms.jp/5cm/,剧情,爱情,http://www.cwfilms.jp/5cm/,青春就是放弃和怀念。
玩具总动员3,2010,8.8,172098,103,50.8%,36.8%,李·昂克里奇,迈克尔·阿恩特,汤姆·汉克斯,蒂姆·艾伦,琼·库萨克,http,喜剧,动画,http://disney.go.com/toystory/,跨度十五年的欢乐与泪水。
红辣椒,2006,8.8,98490,90,52.1%,37.2%,今敏,水上清资,林原惠美,古谷彻,江守彻,日本,科幻,动画,http://www.imdb.com/title/tt0851578,梦的勾结。
英雄本色,1986,8.7,121732,95,46.5%,41.7%,吴宇森,陈庆嘉,周润发,狄龙,张国荣,香港,动作,犯罪,http://www.imdb.com/title/tt0092263,英雄泪短，兄弟情长。 
我是山姆,2001,8.8,86397,132,52.1%,38.1%,杰茜·尼尔森,杰茜·尼尔森,西恩·潘,达科塔·范宁,米歇尔·菲佛,美国,剧情,家庭,http://www.imdb.com/title/tt0277027,爱并不需要智商 。
人工智能,2001,8.6,164925,146,45.5%,38.7%,史蒂文·斯皮尔伯格,Ian Watson,海利·乔·奥斯蒙,弗兰西丝·奥康纳,山姆·洛巴兹,http,剧情,科幻,http://aimovie.warnerbros.com/,对爱的执着，可以超越一切。
雨中曲,1952,8.9,77778,103,55.0%,36.0%,斯坦利·多南,Adolph Green,吉恩·凯利,唐纳德·奥康纳,黛比·雷诺斯,美国,喜剧,爱情,http://www.imdb.com/title/tt0045152,骨灰级歌舞片。
纵横四海,1991,8.7,117414,108,46.6%,41.6%,吴宇森,吴宇森,周润发,张国荣,钟楚红,香港,剧情,喜剧,http://www.imdb.com/title/tt0101020,香港浪漫主义警匪动作片的巅峰之作。
香水,2006,8.4,238353,147,40.2%,43.3%,汤姆·提克威,安德鲁·伯金,本·卫肖,艾伦·瑞克曼,蕾切儿·哈伍德,http,剧情,犯罪,http://www.parfum.film.de/,一个单凭体香达到高潮的男人。
冰川时代,2002,8.4,236598,81,36.8%,48.5%,卡洛斯·沙尔丹哈,迈克尔·伯格 ,雷·罗马诺,约翰·雷吉扎莫,丹尼斯·利瑞,美国,喜剧,动画,http://www.imdb.com/title/tt0268380,松鼠才是角儿。
撞车,2004,8.6,153106,112,43.7%,42.3%,保罗·哈吉斯,保罗·哈吉斯,桑德拉·布洛克,唐·钱德尔,马特·狄龙,http,剧情,犯罪,http://www.crashfilm.com/,天使与魔鬼的冲撞。
萤火之森,2011,8.8,125874,45,52.0%,35.2%,大森贵弘,绿川幸,佐仓绫音,内山昂辉,,www.hotarubi.info,剧情,爱情,http://www.hotarubi.info,触不到的恋人。
浪潮,2008,8.7,107748,107,47.3%,42.2%,丹尼斯·甘塞尔,丹尼斯·甘塞尔,约根·沃格尔,詹妮弗·乌尔里希,马克思·雷迈特,德国,剧情,,http://www.imdb.com/title/tt1063669,世界离独裁只有五天。
喜宴,1993,8.7,108784,106,45.4%,45.4%,李安,李安,赵文瑄,归亚蕾,金素梅,台湾/美国,剧情,喜剧,http://www.imdb.com/title/tt0107156,中国家庭的喜怒哀乐忍。
碧海蓝天,1988,8.7,98635,168,50.7%,36.5%,吕克·贝松,吕克·贝松,让-马克·巴尔,让·雷诺,罗姗娜·阿奎特,法国/美国/意大利,剧情,爱情,http://www.imdb.com/title/tt0095250,在那片深蓝中，感受来自大海的忧伤寂寞与美丽自由。
朗读者,2008,8.5,247068,124,38.3%,47.2%,史蒂芬·戴德利,戴维·黑尔,凯特·温丝莱特,拉尔夫·费因斯,大卫·克劳斯,美国/德国,剧情,爱情,http://www.imdb.com/title/tt0976051,当爱情跨越年龄的界限，它似乎能变得更久远一点，成为一种责任，一种水到渠成的相濡以沫。 
追随,1998,9.0,64252,70,56.2%,36.2%,克里斯托弗·诺兰,克里斯托弗·诺兰,杰里米·西奥伯德,亚历克斯·霍,露西·拉塞尔,英国,悬疑,惊悚,http://www.imdb.com/title/tt0154506,诺兰的牛逼来源于内心散发出的恐惧。
海盗电台,2009,8.6,150994,116,49.3%,35.9%,理查德·柯蒂斯,理查德·柯蒂斯,比尔·奈伊,肯尼思·布拉纳,菲利普·塞默·霍夫曼,英国/德国/法国,剧情,喜剧,http://www.imdb.com/title/tt1131729,生命不止，摇滚不死。
可可西里,2004,8.6,111379,85,45.5%,41.8%,陆川,陆川,多布杰,张磊,亓亮,中国大陆/香港,剧情,,http://www.imdb.com/title/tt0386651,坚硬的信仰。
小森林 夏秋篇,2014,8.9,90876,111,54.8%,35.9%,森淳一,五十岚大介,桥本爱,三浦贵大,松冈茉优,日本,剧情,,http://www.imdb.com/title/tt3474600,
梦之安魂曲,2000,8.7,91771,102,51.5%,35.8%,达伦·阿伦诺夫斯基,达伦·阿伦诺夫斯基,艾伦·伯斯汀,杰瑞德·莱托,詹妮弗·康纳利,美国,剧情,,http://www.imdb.com/title/tt0180093,一场没有春天的噩梦。
战争之王,2005,8.5,151138,122,40.5%,45.4%,安德鲁·尼科尔,安德鲁·尼科尔,尼古拉斯·凯奇,布丽姬·穆娜,杰瑞德·莱托,美国/法国,剧情,犯罪,http://www.imdb.com/title/tt0399295,做一颗让别人需要你的棋子。
哈利·波特与死亡圣器(下),2011,8.6,233745,130,48.5%,36.0%,大卫·叶茨,斯蒂芬·科洛弗,丹尼尔·雷德克里夫,艾玛·沃森,鲁伯特·格林特,美国/英国,剧情,悬疑,http://www.imdb.com/title/tt1201607,10年的完美句点。
罗生门,1950,8.7,100925,88,48.0%,39.4%,黑泽明,黑泽明,三船敏郎,千秋实,京町子,日本,剧情,悬疑,http://www.imdb.com/title/tt0042876,人生的N种可能性。
7号房的礼物,2013,8.6,134973,127,48.0%,38.0%,李焕庆,李焕庆,柳承龙,朴信惠,郑镇荣,www.7gift.kr,剧情,喜剧,http://www.7gift.kr,《我是山姆》的《美丽人生》。
喜剧之王,1999,8.3,244970,85,37.6%,43.7%,周星驰,曾瑾昌,周星驰,张柏芝,莫文蔚,香港,剧情,喜剧,http://www.imdb.com/title/tt0188766,我是一个演员。
迁徙的鸟,2001,9.1,46938,98,63.4%,29.4%,雅克·贝汉,Francis Roux,Philippe Labro,雅克·贝汉,,法国/德国/意大利/西班牙/瑞士,纪录片,,http://www.imdb.com/title/tt0301727,最美的飞翔。
荒野生存,2007,8.6,110360,148,49.6%,35.5%,西恩·潘,西恩·潘,埃米尔·赫斯基,马西娅·盖伊·哈登,威廉·赫特,美国,剧情,传记,http://www.imdb.com/title/tt0758758,出门必备：本草纲目。
一次别离,2011,8.7,111427,123,47.1%,41.0%,阿斯哈·法哈蒂,阿斯哈·法哈蒂,蕾拉·哈塔米,佩曼·莫阿迪,沙哈布·侯赛尼,伊朗,剧情,家庭,http://www.imdb.com/title/tt1832382,只有有信仰的人才能说出事实真相。
花样年华,2000,8.4,199179,98,37.6%,46.0%,王家卫,王家卫,梁朝伟,张曼玉,潘迪华,香港/法国,剧情,爱情,http://www.imdb.com/title/tt0118694,偷情本没有这样美。
谍影重重,2002,8.5,164977,119,39.2%,45.2%,道格·里曼,托尼·吉尔罗伊,马特·达蒙,弗兰卡·波坦特,克里斯·库珀,www.thebourneidentity.com,动作,悬疑,http://www.thebourneidentity.com,哗啦啦啦啦，天在下雨，哗啦啦啦啦，云在哭泣……找自己。
谍影重重2,2004,8.5,134845,108,40.4%,45.9%,保罗·格林格拉斯,罗伯特·鲁德鲁姆,马特·达蒙,弗兰卡·波坦特,布莱恩·考克斯,www.thebournesupremacy.com,动作,悬疑,http://www.thebournesupremacy.com,谁说王家卫镜头很晃？
勇闯夺命岛,1996,8.5,123039,136,41.8%,44.2%,迈克尔·贝,大卫·韦斯伯格,肖恩·康纳利,尼古拉斯·凯奇,艾德·哈里斯,美国,动作,冒险,http://www.imdb.com/title/tt0117500,类型片的极致。 
时空恋旅人,2013,8.6,151948,123,44.4%,40.4%,理查德·柯蒂斯,理查德·柯蒂斯,多姆纳尔·格里森,瑞秋·麦克亚当斯,比尔·奈伊,www.abouttimemovie.com,剧情,爱情,http://www.abouttimemovie.com,把每天当作最后一天般珍惜度过，积极拥抱生活，就是幸福。
绿里奇迹,1999,8.7,89151,189,48.2%,38.8%,弗兰克·德拉邦特,弗兰克·德拉邦特,汤姆·汉克斯,大卫·摩斯,迈克·克拉克·邓肯,美国,剧情,悬疑,http://www.imdb.com/title/tt0120689,天使暂时离开。
燕尾蝶,1996,8.6,96497,146,48.1%,37.6%,岩井俊二,岩井俊二,三上博史,恰拉,伊藤步,日本,剧情,犯罪,http://www.imdb.com/title/tt0117797,现实与童话交相辉映的旅程。
地球上的星星,2007,8.8,64551,165,53.5%,35.7%,阿米尔·汗,阿莫尔·古普特,达席尔·萨法瑞,阿米尔·汗,塔奈·切赫达,www.taarezameenpar.com,剧情,家庭,http://www.taarezameenpar.com,天使保护事件始末。
卡萨布兰卡,1942,8.6,106179,102,44.5%,41.7%,迈克尔·柯蒂斯,朱利叶斯·J·爱泼斯坦,亨弗莱·鲍嘉,英格丽·褒曼,保罗·亨雷德,美国,剧情,爱情,http://www.imdb.com/title/tt0034583,与同名歌曲无关。
心迷宫,2014,8.6,113940,110,41.3%,47.3%,忻钰坤,忻钰坤,霍卫民,王笑天,罗芸,中国大陆,剧情,悬疑,http://www.imdb.com/title/tt4078856,
唐伯虎点秋香,1993,8.3,257091,102,35.3%,45.9%,李力持,李力持,周星驰,巩俐,陈百祥,香港,喜剧,爱情,http://www.imdb.com/title/tt0108289,华太师是黄霑，吴镇宇四大才子之一。
英国病人,1996,8.4,156273,162,39.8%,44.0%,安东尼·明格拉,迈克尔·翁达杰,拉尔夫·费因斯,克里斯汀·斯科特·托马斯,朱丽叶·比诺什,美国/英国,剧情,爱情,http://www.imdb.com/title/tt0116209,"In memory, love lives forever..."
阿飞正传,1990,8.5,145296,94,39.1%,46.3%,王家卫,王家卫,张国荣,张曼玉,刘嘉玲,香港,剧情,爱情,http://www.imdb.com/title/tt0101258,王家卫是一种风格，张国荣是一个代表。
叫我第一名,2008,8.6,93371,98,45.0%,42.1%,彼得·维纳,托马斯·瑞克曼,詹姆斯·沃克,特里特·威廉斯,多米尼克·斯科特·凯伊,美国,剧情,传记,http://www.imdb.com/title/tt1292594,乐观比一切都有力量。
变脸,1997,8.4,186838,138,35.7%,48.0%,吴宇森,麦克·韦柏,约翰·特拉沃尔塔,尼古拉斯·凯奇,琼·艾伦,美国,动作,科幻,http://www.imdb.com/title/tt0119094,当发哥的风衣、墨镜出现在了凯奇身上??
超能陆战队,2014,8.6,307776,102,45.6%,40.7%,唐·霍尔,乔丹·罗伯茨,斯科特·安第斯,瑞恩·波特,丹尼尔·海尼,www.disneyanimation.com/projects/bighero6,喜剧,动作,http://www.disneyanimation.com/projects/bighero6,
惊魂记,1960,8.8,66363,109,51.7%,39.2%,阿尔弗雷德·希区柯克,约瑟夫·斯蒂凡诺,珍妮特·利,安东尼·博金斯,维拉·迈尔斯,美国,悬疑,恐怖,http://www.imdb.com/title/tt0054215,故事的反转与反转，分裂电影的始祖。
这个男人来自地球,2007,8.5,145896,87,45.5%,36.6%,理查德·沙因克曼,杰罗姆·比克斯比,大卫·李·史密斯,托尼·托德,约翰·比灵斯列,美国,剧情,科幻,http://www.imdb.com/title/tt0756683,科幻真正的魅力不是视觉效果能取代的。 
蝙蝠侠：黑暗骑士崛起,2012,8.5,254700,165,42.8%,41.6%,克里斯托弗·诺兰,大卫·S·高耶,克里斯蒂安·贝尔,汤姆·哈迪,安妮·海瑟薇,www.thedarkknightrises.com,剧情,动作,http://www.thedarkknightrises.com,诺兰就是保证。
恐怖游轮,2009,8.3,254022,99,35.9%,45.1%,克里斯托弗·史密斯,克里斯托弗·史密斯,梅利莎·乔治,利亚姆·海姆斯沃斯,迈克尔·多曼,英国/澳大利亚,剧情,悬疑,http://www.imdb.com/title/tt1187064,不要企图在重复中寻找已经失去的爱。
魔女宅急便,1989,8.4,161128,103,36.7%,47.5%,宫崎骏,宫崎骏,高山南,佐久间玲,山口胜平,日本,动画,奇幻,http://www.imdb.com/title/tt0097814,宫崎骏的电影总让人感觉世界是美好的，阳光明媚的。
穆赫兰道,2001,8.3,196315,147,42.5%,37.9%,大卫·林奇,大卫·林奇,娜奥米·沃茨,劳拉·哈灵,安·米勒,法国/美国,剧情,悬疑,http://www.imdb.com/title/tt0166924,大卫·林奇的梦境迷宫。
E.T. 外星人,1982,8.5,130380,115,39.9%,45.3%,史蒂文·斯皮尔伯格,梅丽莎·马西森,亨利·托马斯,迪·沃伦斯,罗伯特·麦克纳夫顿,美国,剧情,科幻,http://www.imdb.com/title/tt0083866,生病的E.T.皮肤的颜色就像柿子饼。
再次出发之纽约遇见你,2013,8.5,129148,104,40.4%,44.4%,约翰·卡尼,约翰·卡尼,凯拉·奈特莉,马克·鲁弗洛,詹姆斯·柯登,beginagainfilm.com,喜剧,爱情,http://beginagainfilm.com,爱我就给我看你的播放列表。
终结者2：审判日,1991,8.5,120219,137,42.2%,41.6%,詹姆斯·卡梅隆,詹姆斯·卡梅隆,阿诺·施瓦辛格,琳达·汉密尔顿,爱德华·福隆,美国/法国,动作,科幻,http://www.imdb.com/title/tt0103064,少见的超越首部的续集，动作片中的经典。
发条橙,1971,8.4,160401,136,41.4%,40.7%,斯坦利·库布里克,斯坦利·库布里克,马尔科姆·麦克道威尔,帕特里克·马基,迈克尔·贝茨,英国/美国,剧情,科幻,http://www.imdb.com/title/tt0066921,我完全康复了。
非常嫌疑犯,1995,8.6,97339,106,43.7%,43.2%,布莱恩·辛格,Christopher McQuarrie,凯文·史派西,史蒂芬·鲍德温,加布里埃尔·伯恩,德国/美国,剧情,悬疑,http://www.imdb.com/title/tt0114814,我不信仰上帝，但我敬畏上帝。
东京物语,1953,9.1,39219,136,64.9%,28.5%,小津安二郎,野田高梧,笠智众,原节子,杉村春子,日本,剧情,家庭,http://www.imdb.com/title/tt0046438,东京那么大，如果有一天走失了，恐怕一辈子不能再相见。
哪吒闹海,1979,8.8,66042,65,53.0%,34.2%,严定宪,王往,梁正晖,邱岳峰,毕克,中国大陆,动画,奇幻,http://www.imdb.com/title/tt0354770,想你时你在闹海。
上帝也疯狂,1980,8.6,82636,109,47.7%,38.0%,加美·尤伊斯,加美·尤伊斯,Marius Weyers,Sandra Prinsloo,历苏,博茨瓦纳/南非,喜剧,,http://www.imdb.com/title/tt0080801,纯净原始的笑与感动。
曾经,2006,8.3,179133,85,38.6%,42.1%,约翰·卡尼,约翰·卡尼,格伦·汉塞德,玛可塔·伊尔格洛娃,Alaistair Foley,www.foxsearchlight.com/once,剧情,爱情,http://www.foxsearchlight.com/once,有些幸福无关爱情。
达拉斯买家俱乐部,2013,8.6,136549,117,42.0%,47.2%,让-马克·瓦雷,克莱格·鲍登,马修·麦康纳,詹妮弗·加纳,杰瑞德·莱托,美国,剧情,同性,http://www.imdb.com/title/tt0790636,Jared Leto的腿比女人还美！
末路狂花,1991,8.6,84116,130,45.8%,41.6%,雷德利·斯科特,卡莉·克里,吉娜·戴维斯,苏珊·萨兰登,哈威·凯特尔,美国/法国,剧情,惊悚,http://www.imdb.com/title/tt0103074,没有了退路，只好飞向自由。
源代码,2011,8.3,356853,93,33.3%,49.9%,邓肯·琼斯,本·雷普利,杰克·吉伦哈尔,维拉·法米加,米歇尔·莫纳汉,美国/加拿大,剧情,动作,http://www.imdb.com/title/tt0945513,邓肯·琼斯继《月球》之后再度奉献出一部精彩绝伦的科幻佳作。
爱·回家,2002,9.1,39983,80,62.5%,29.3%,李廷香,李廷香,金艺芬,俞承豪,童孝熙,www.thewayhome.co.kr,剧情,家庭,http://www.thewayhome.co.kr,献给所有外婆的电影。
美国丽人,1999,8.4,159098,122,38.1%,44.7%,萨姆·门德斯,艾伦·鲍尔,凯文·史派西,安妮特·贝宁,索拉·伯奇,www.dreamworks.com/ab/,剧情,家庭,http://www.dreamworks.com/ab/,每个人的内心都是深不可测的大海。 
被解救的姜戈,2012,8.5,224709,163,40.8%,45.3%,昆汀·塔伦蒂诺,昆汀·塔伦蒂诺,杰米·福克斯,莱昂纳多·迪卡普里奥,克里斯托弗·沃尔兹,unchainedmovie.com,剧情,动作,http://unchainedmovie.com,热血沸腾，那个低俗、性感的无耻混蛋又来了。
忠犬八公物语,1987,9.0,42586,107,60.4%,30.7%,神山征二郎,新藤兼人,山本圭,井川比佐志,片桐入,日本,剧情,,http://www.imdb.com/title/tt0093132,养狗三日，便会对你终其一生。
荒蛮故事,2014,8.7,95004,122,46.6%,43.3%,达米安·斯兹弗隆,达米安·斯兹弗隆,里卡杜·达林,艾丽卡·里瓦斯,丽塔·科尔泰塞,阿根廷/西班牙,剧情,喜剧,http://www.imdb.com/title/tt3011894,
蓝色大门,2002,8.2,242066,85,35.4%,43.6%,易智言,易智言,桂纶镁,陈柏霖,梁又琳,bluegatecrossing.kingnet.com.tw,剧情,爱情,http://bluegatecrossing.kingnet.com.tw,青春的窃窃私语。 
两小无猜,2003,8.2,284334,93,38.7%,38.2%,杨·塞谬尔,杨·塞谬尔,吉约姆·卡内,玛丽昂·歌迪亚,蒂博?费尔哈格,法国/比利时,剧情,喜剧,http://www.imdb.com/title/tt0364517,"Love me, if you dare. "
黑客帝国3：矩阵革命,2003,8.4,129298,129,42.5%,39.3%,莉莉·沃卓斯基,莉莉·沃卓斯基,基努·里维斯,劳伦斯·菲什伯恩,凯瑞-安·莫斯,美国/澳大利亚,动作,科幻,http://www.imdb.com/title/tt0242653,不得不说，《黑客帝国》系列是商业片与科幻、哲学完美结合的典范。
新龙门客栈,1992,8.4,154617,88,36.5%,47.5%,李惠民,徐克,张曼玉,林青霞,梁家辉,香港/中国大陆,剧情,动作,http://www.imdb.com/title/tt0105859,嬉笑怒骂，调风动月。
黄金三镖客,1966,9.1,40927,161,62.4%,29.9%,赛尔乔·莱翁内,艾根诺尔·因克鲁西,克林特·伊斯特伍德,埃里·瓦拉赫,李·范·克里夫,意大利/西班牙/西德,西部,冒险,http://www.imdb.com/title/tt0060196,最棒的西部片。
牯岭街少年杀人事件,1991,8.6,81566,237,49.4%,36.0%,杨德昌,杨德昌,张震,杨静怡,张国柱,台湾,剧情,犯罪,http://www.imdb.com/title/tt0101985,弱者送给弱者的一刀。
初恋这件小事,2010,8.3,395034,118,37.2%,41.4%,普特鹏·普罗萨卡·那·萨克那卡林,普特鹏·普罗萨卡·那·萨克那卡林,马里奥·毛瑞尔,平采娜·乐维瑟派布恩,苏达拉·布查蓬,泰国,喜剧,爱情,http://www.imdb.com/title/tt1859438,黑小鸭速效美白记。
勇士,2011,8.9,75413,140,54.7%,35.0%,加文·欧康诺,加文·欧康诺,汤姆·哈迪,乔尔·埃哲顿,尼克·诺特,www.warriorfilm.com/,剧情,家庭,http://www.warriorfilm.com/,热血沸腾，相当完美的娱乐拳击大餐。
青蛇,1993,8.3,182348,99,36.6%,44.6%,徐克,李碧华,张曼玉,王祖贤,赵文卓,香港,剧情,奇幻,http://www.imdb.com/title/tt0106559,人生如此，浮生如斯。谁人言，花彼岸，此生情长意短。谁都是不懂爱的罢了。
蝴蝶,2002,8.6,85817,85,42.3%,45.4%,费利普·弥勒,费利普·弥勒,米歇尔·塞罗,柯莱儿·布翁尼许,Nade Dieu,法国,剧情,喜剧,http://www.imdb.com/title/tt0329485,我们长途跋涉寻找的东西，有可能一直就在身边。 
无耻混蛋,2009,8.4,192047,153,37.6%,45.8%,昆汀·塔伦蒂诺,昆汀·塔伦蒂诺,布拉德·皮特,梅拉尼·罗兰,克里斯托弗·沃尔兹,美国/德国,剧情,犯罪,http://www.imdb.com/title/tt0361748,昆汀同学越来越变态了，比北野武还杜琪峰。
暖暖内含光,2004,8.4,124718,108,41.6%,41.3%,米歇尔·贡德里,查理·考夫曼,金·凯瑞,凯特·温丝莱特,克斯汀·邓斯特,www.eternalsunshine.com,剧情,爱情,http://www.eternalsunshine.com,恋爱是一次神经的冒险。就算失去记忆，也会爱上你。
巴黎淘气帮,2009,8.6,94934,92,45.1%,42.3%,劳伦·泰拉德,哥瑞劳瑞·温格纳瑞恩,马克西姆·戈达尔,瓦莱丽·勒梅西埃,凯德·麦拉德,法国/比利时,喜剧,家庭,http://www.imdb.com/title/tt1264904,四百击的反面。
麦兜故事,2001,8.5,112309,75,42.5%,40.7%,袁建滔,谢立文,李晋纬,林海峰,吴君如,香港,剧情,喜剧,http://www.imdb.com/title/tt0312941,麦兜是一只很哲学的猪。 
爱在暹罗,2007,8.3,199393,150,38.2%,40.3%,楚克?萨克瑞科,楚克?萨克瑞科,维特维斯特·海伦亚沃恩酷,马里奥·毛瑞尔,赖拉·邦雅淑,http,剧情,爱情,http://www.theloveofsiam.com,把爱放在心底，有爱就有希望。
与狼共舞,1990,8.9,49746,181,54.1%,36.6%,凯文·科斯特纳,迈克尔·布雷克,凯文·科斯特纳,玛丽·麦克唐纳,格雷厄姆·格林,美国,剧情,西部,http://www.imdb.com/title/tt0099348,充满诗意与情怀的史诗作品。 
未麻的部屋,1997,8.7,65933,81,49.8%,39.0%,今敏,村井贞之,岩男润子,松本梨香,辻亲八,日本,动画,惊悚,http://www.imdb.com/title/tt0156887,好的剧本是，就算你猜到了结局也猜不到全部。
城市之光,1931,9.2,33649,87,65.8%,28.8%,查理·卓别林,查理·卓别林,查理·卓别林,弗吉尼亚·切瑞尔,佛罗伦斯·李,美国,剧情,喜剧,http://www.imdb.com/title/tt0021749,永远的小人物，伟大的卓别林。
夜访吸血鬼,1994,8.3,173905,123,37.0%,43.4%,尼尔·乔丹,安妮·莱斯,布拉德·皮特,汤姆·克鲁斯,克斯汀·邓斯特,美国,剧情,惊悚,http://www.imdb.com/title/tt0110148,弥漫淡淡血腥气的优雅。
无敌破坏王,2012,8.7,161609,108,47.5%,39.3%,瑞奇·摩尔,珍妮弗·李,简·林奇,约翰·C·赖利,萨拉·西尔弗曼,disney.go.com/wreck-it-ralph,喜剧,动画,http://disney.go.com/wreck-it-ralph,迪士尼和皮克斯拿错剧本的产物。
中央车站,1998,8.7,68387,113,45.3%,44.2%,沃尔特·塞勒斯,马科斯·伯恩斯坦,费尔兰德·蒙特纳哥,马里利娅·佩拉,文尼西斯·狄·奥利维拉,http,剧情,,http://www.centraldobrasil.com.br/front.htm,心灵救赎。
遗愿清单,2007,8.5,104232,97,39.7%,46.1%,罗伯·莱纳,Justin Zackham,杰克·尼科尔森,摩根·弗里曼,西恩·海耶斯,美国,剧情,喜剧,http://www.imdb.com/title/tt0825232,用剩余不多的时间，去燃烧整个生命。
偷拐抢骗,2000,8.5,99554,104,40.1%,46.3%,盖·里奇,盖·里奇,布拉德·皮特,本尼西奥·德尔·托罗,杰森·斯坦森,英国/美国,喜剧,犯罪,http://www.imdb.com/title/tt0208092,典型盖·里奇式的英国黑色幽默黑帮片。
大卫·戈尔的一生,2003,8.7,68932,130,46.0%,42.8%,艾伦·帕克,查尔斯·伦道夫,凯文·史派西,凯特·温丝莱特,劳拉·琳妮,美国/德国/英国,剧情,悬疑,http://www.imdb.com/title/tt0289992,捍卫人权只是信仰，一点不妨碍其行为的残忍。
国王的演讲,2010,8.3,293258,118,31.8%,51.4%,汤姆·霍珀,大卫·塞德勒,科林·费尔斯,杰弗里·拉什,海伦娜·伯翰·卡特,英国/澳大利亚/美国,剧情,传记,http://www.imdb.com/title/tt1504320,皇上无话儿。
爆裂鼓手,2014,8.6,182731,107,44.9%,41.3%,达米安·沙泽勒,达米安·沙泽勒,迈尔斯·特勒,J·K·西蒙斯,保罗·雷瑟,美国,剧情,音乐,http://www.imdb.com/title/tt2582802,
血钻,2006,8.5,107371,143,37.3%,49.0%,爱德华·兹威克,查尔斯·里维特,莱昂纳多·迪卡普里奥,詹妮弗·康纳利,杰曼·翰苏,美国/德国,剧情,惊悚,http://www.imdb.com/title/tt0450259,每个美丽事物背后都是滴血的现实。
荒岛余生,2000,8.4,111016,143,37.2%,48.2%,罗伯特·泽米吉斯,威廉·保尔斯·杰宁,汤姆·汉克斯,海伦·亨特,克里斯·诺斯,美国,剧情,冒险,http://www.imdb.com/title/tt0162222,一个人的独角戏。
月球,2009,8.5,120327,97,39.0%,46.9%,邓肯·琼斯,邓肯·琼斯,山姆·洛克威尔,凯文·史派西,多米妮克·麦克艾丽戈特,英国,剧情,科幻,http://www.imdb.com/title/tt1182345,2009媲美《第九区》的又一部科幻神作。
寿司之神,2011,8.8,66618,81,50.9%,38.5%,大卫·贾柏,小野二郎 ,小野二郎 ,小野祯一,小野隆,日语,纪录片,,http://www.imdb.com/title/tt1772925,仪式主义的狂欢，偏执狂的完胜。
小森林 冬春篇,2015,8.9,77081,120,54.9%,36.1%,森淳一,森淳一,桥本爱,三浦贵大,松冈茉优,日本,剧情,,http://www.imdb.com/title/tt3474602,
千钧一发,1997,8.7,66230,106,46.2%,41.6%,安德鲁·尼科尔,安德鲁·尼科尔,伊桑·霍克,乌玛·瑟曼,裘德·洛,美国,剧情,科幻,http://www.imdb.com/title/tt0119177,一部能引人思考的科幻励志片。
我爱你,2011,9.0,44230,118,59.6%,31.5%,秋昌民,姜草,宋在浩,李顺载,尹秀晶,www.iloveyou2011.co.kr/,剧情,爱情,http://www.iloveyou2011.co.kr/,你要相信，这世上真的有爱存在，不管在什么年纪 
枪火,1999,8.6,79472,84,44.2%,41.3%,杜琪峰,游乃海,吴镇宇,任达华,黄秋生,香港,剧情,动作,http://www.imdb.com/title/tt0220644,一群演技精湛的戏骨，奉献出一个精致的黑帮小品，成就杜琪峰群戏的巅峰之作。
角斗士,2000,8.4,112617,155,37.6%,45.9%,雷德利·斯科特,大卫·弗兰佐尼,罗素·克劳,杰昆·菲尼克斯,康妮·尼尔森,英国/美国,剧情,动作,http://www.imdb.com/title/tt0172495,罗马斗兽场的鸦雀无声，久久停留在这样的肃穆中。
廊桥遗梦,1995,8.5,80655,135,43.4%,41.5%,克林特·伊斯特伍德,理查德·拉·格拉文斯,克林特·伊斯特伍德,梅丽尔·斯特里普,Annie Corley,美国,剧情,爱情,http://www.imdb.com/title/tt0112579,这样确切的爱，一生只有一次。
导盲犬小Q,2004,8.4,106318,100,38.1%,45.5%,崔洋一,丸山升一,小林薰,椎名桔平,香川照之,日本,剧情,,http://www.imdb.com/title/tt0400761,宠物的意义在于化解人的孤独。
疯狂的石头,2006,8.2,255539,106,32.5%,46.1%,宁浩,张承,郭涛,刘桦,连晋,中国大陆/香港,喜剧,犯罪,http://www.imdb.com/title/tt0843270,中国版《两杆大烟枪》。
不一样的天空,1993,8.6,71564,118,42.8%,44.9%,莱塞·霍尔斯道姆,皮特·海格斯,约翰尼·德普,莱昂纳多·迪卡普里奥,朱丽叶特·刘易斯,美国,剧情,爱情,http://www.imdb.com/title/tt0108550,生命有裂缝，阳光才照得进来。
假如爱有天意,2003,8.2,195082,127,35.7%,41.5%,郭在容,郭在容,孙艺珍,曹承佑,赵寅成,韩国,剧情,爱情,http://www.imdb.com/title/tt0348568,琼瑶阿姨在韩国的深刻版。
我们俩,2005,8.6,65240,88,44.8%,42.9%,马俪文,马俪文,宫哲,金雅琴,罗忠学,中国大陆,剧情,,http://www.imdb.com/title/tt0757376,想外婆了，有没有？！
速度与激情5,2011,8.4,192504,130,39.3%,44.1%,林诣彬,克里斯·摩根,范·迪塞尔,保罗·沃克,道恩·强森,www.fastfivemovie.com,剧情,动作,http://www.fastfivemovie.com,爆米花动作电影新标杆。
