,actor_1,actor_2,actor_3,country,director,genre_1,genre_2,imdb_link,rating_people,rating_score,runtime,screenwriter,star4,star5,title,year
0,蒂姆·罗宾斯,摩根·弗里曼,鲍勃·冈顿,美国,弗兰克·德拉邦特,剧情,犯罪,http://www.imdb.com/title/tt0111161,731833,9.6,142 分钟,弗兰克·德拉邦特,16.3%,81.4%,肖申克的救赎 The Shawshank Redemption,1994
1,让·雷诺,娜塔莉·波特曼,加里·奥德曼,法国,吕克·贝松,剧情,动作,http://www.imdb.com/title/tt0110413,703290,9.4,133分钟(国际版),吕克·贝松,22.7%,73.5%,这个杀手不太冷 Léon,1994
2,张国荣,张丰毅,巩俐,中国大陆/香港,陈凯歌,剧情,爱情,http://www.imdb.com/title/tt0106332,513250,9.5,171 分钟,芦苇,19.5%,77.0%,霸王别姬,1993
3,汤姆·汉克斯,罗宾·怀特,加里·西尼斯,美国,罗伯特·泽米吉斯,剧情,爱情,http://www.imdb.com/title/tt0109830,612029,9.4,142 分钟,艾瑞克·罗斯,22.5%,73.6%,阿甘正传 Forrest Gump,1994
4,罗伯托·贝尼尼,尼可莱塔·布拉斯基,乔治·坎塔里尼,意大利,罗伯托·贝尼尼,剧情,喜剧,http://www.imdb.com/title/tt0118799,350189,9.5,116分钟,文森佐·克拉米,19.9%,76.6%,美丽人生 La vita è bella,1997
5,柊瑠美,入野自由,夏木真理,日本,宫崎骏,剧情,动画,http://www.imdb.com/title/tt0245429,560968,9.2,125分钟,宫崎骏,28.2%,65.9%,千与千寻 千と千尋の神隠し,2001
6,连姆·尼森,本·金斯利,拉尔夫·费因斯,美国,史蒂文·斯皮尔伯格,剧情,历史,http://www.imdb.com/title/tt0108052,324678,9.4,195分钟,托马斯·肯尼利,23.3%,72.8%,辛德勒的名单 Schindler's List,1993
7,蒂姆·罗斯,普路特·泰勒·文斯,比尔·努恩,意大利,朱塞佩·托纳多雷,剧情,音乐,http://www.imdb.com/title/tt0120731,525631,9.2,165分钟,亚利桑德罗·巴里克,27.3%,66.1%,海上钢琴师 La leggenda del pianista sull'oceano,1998
8,本·贝尔特,艾丽莎·奈特,杰夫·格尔林,www.pixar.com/features_films/WALLE,安德鲁·斯坦顿,喜剧,爱情,http://www.pixar.com/features_films/WALLE,442360,9.3,98分钟,安德鲁·斯坦顿,25.1%,69.4%,机器人总动员 WALL·E,2008
9,莱昂纳多·迪卡普里奥,约瑟夫·高登-莱维特,艾伦·佩吉,美国/英国,克里斯托弗·诺兰,剧情,动作,http://www.imdb.com/title/tt1375666,672797,9.2,148分钟,克里斯托弗·诺兰,27.1%,67.5%,盗梦空间 Inception,2010
10,莱昂纳多·迪卡普里奥,凯特·温丝莱特,比利·赞恩,www.titanicmovie.com,詹姆斯·卡梅隆,剧情,爱情,http://www.titanicmovie.com,562633,9.1,194分钟,詹姆斯·卡梅隆,27.7%,65.2%,泰坦尼克号 Titanic,1997
11,阿米尔·汗,卡琳娜·卡普尔,马达范,印度,拉吉库马尔·希拉尼,剧情,喜剧,http://www.imdb.com/title/tt1187043,578135,9.1,171分钟(印度),Vidhu Vinod Chopra,26.2%,66.0%,三傻大闹宝莱坞 3 Idiots,2009
12,杰拉尔·朱诺,让-巴蒂斯特·莫尼耶,弗朗索瓦·贝利昂,法国/瑞士/德国,克里斯托夫·巴拉蒂,剧情,音乐,http://www.imdb.com/title/tt0372824,390609,9.2,97 分钟,Georges Chaperot,30.2%,64.3%,放牛班的春天 Les choristes,2004
13,理查·基尔,萨拉·罗默尔,琼·艾伦,美国/英国,莱塞·霍尔斯道姆,剧情,,http://www.imdb.com/title/tt1028532,375714,9.2,93分钟,Stephen P. Lindsey,26.7%,66.7%,忠犬八公的故事 Hachi: A Dog's Tale,2009
14,周星驰,吴孟达,朱茵,香港/中国大陆,刘镇伟,喜剧,动作,http://www.imdb.com/title/tt0114996,388782,9.1,95分钟,刘镇伟,27.3%,64.6%,大话西游之大圣娶亲 西遊記大結局之仙履奇緣,1995
15,日高法子,坂本千夏,岛本须美,日本,宫崎骏,动画,奇幻,http://www.imdb.com/title/tt0096283,363738,9.1,86 分钟,宫崎骏,29.7%,63.4%,龙猫 となりのトトロ,1988
16,马龙·白兰度,阿尔·帕西诺,詹姆斯·肯恩,美国,弗朗西斯·福特·科波拉,剧情,犯罪,http://www.imdb.com/title/tt0068646,298281,9.2,175 分钟,马里奥·普佐,25.7%,67.5%,教父 The Godfather,1972
17,克拉克·盖博,费雯·丽,莱斯利·霍华德,美国,维克多·弗莱明,剧情,爱情,http://www.imdb.com/title/tt0031381,236898,9.2,238 分钟(美国修复版DVD),西德尼·霍华德,27.4%,66.5%,乱世佳人 Gone with the Wind,1939
18,安东娜拉·塔莉,恩佐·卡拉瓦勒,艾萨·丹尼埃利,意大利/法国,朱塞佩·托纳多雷,剧情,爱情,http://www.imdb.com/title/tt0095765,273063,9.1,155分钟,Carl Paoli,30.0%,63.3%,天堂电影院 Nuovo Cinema Paradiso,1988
19,金·凯瑞,劳拉·琳妮,艾德·哈里斯,美国,彼得·威尔,剧情,,http://www.imdb.com/title/tt0120382,377467,9.0,103 分钟,安德鲁·尼科尔,35.0%,57.5%,楚门的世界 The Truman Show,1998
20,威尔·史密斯,贾登·史密斯,坦迪·牛顿,美国,加布里尔·穆奇诺,剧情,家庭,http://www.imdb.com/title/tt0454921,471785,8.9,117分钟,史帝文·康拉德,35.7%,55.1%,当幸福来敲门 The Pursuit of Happyness,2006
21,,,,,,,,,,,,,,,,
22,弗朗索瓦·克鲁塞,奥玛·赛,安乐妮,法国,奥利维·那卡什,剧情,喜剧,http://www.imdb.com/title/tt1675434,314561,9.1,112分钟,奥利维·那卡什,31.5%,62.7%,触不可及 Intouchables,2011
23,维果·莫腾森,伊利亚·伍德,西恩·奥斯汀,www.lordoftherings.net/,彼得·杰克逊,剧情,动作,http://www.lordoftherings.net/,252284,9.1,201分钟,弗兰·威尔士,28.6%,62.8%,指环王3：王者无敌 The Lord of the Rings: The Return of the King,2003
24,亨利·方达,马丁·鲍尔萨姆,约翰·菲尔德,美国,西德尼·吕美特,剧情,,http://www.imdb.com/title/tt0050083,145272,9.3,96 分钟,雷金纳德·罗斯,23.2%,71.9%,十二怒汉 12 Angry Men,1957
25,奥黛丽·赫本,格利高里·派克,埃迪·艾伯特,美国,威廉·惠勒,剧情,喜剧,http://www.imdb.com/title/tt0046250,337452,8.9,118 分钟,达尔顿·特朗勃,35.1%,56.1%,罗马假日 Roman Holiday,1953
26,玛德琳·卡罗尔,卡兰·麦克奥利菲,瑞贝卡·德·莫妮,美国,罗伯·莱纳,剧情,喜剧,http://www.imdb.com/title/tt0817177,458498,8.9,90分钟(美国),罗伯·莱纳,35.7%,54.6%,怦然心动 Flipped,2010
27,田中真弓,鹫尾真知子,初井言荣,日本,宫崎骏,动画,奇幻,http://www.imdb.com/title/tt0092067,286638,9.0,124 分钟,宫崎骏,34.5%,57.5%,天空之城 天空の城ラピュタ,1986
28,刘德华,梁朝伟,黄秋生,香港,刘伟强,悬疑,惊悚,http://www.imdb.com/title/tt0338564,338025,8.9,101分钟,麦兆辉,36.3%,55.0%,无间道 無間道,2002
29,杰森·弗莱明,德克斯特·弗莱彻,尼克·莫兰,英国,盖·里奇,剧情,喜剧,http://www.imdb.com/title/tt0120735,242737,9.0,107分钟,盖·里奇,31.7%,60.6%,"两杆大烟枪 Lock, Stock and Two Smoking Barrels",1998
30,爱德华·阿斯纳,克里斯托弗·普卢默,乔丹·长井,美国,彼特·道格特,剧情,喜剧,http://www.imdb.com/title/tt1049413,444132,8.9,96分钟,鲍勃·彼德森,36.1%,54.3%,飞屋环游记 Up,2009
31,周星驰,吴孟达,罗家英,香港/中国大陆,刘镇伟,喜剧,动作,http://www.imdb.com/title/tt0112778,337137,8.9,87分钟,刘镇伟,33.1%,56.5%,大话西游之月光宝盒 西遊記第壹佰零壹回之月光寶盒,1995
32,苏拉·沙玛,拉菲·斯波,伊尔凡·可汗,www.lifeofpimovie.com,李安,剧情,奇幻,http://www.lifeofpimovie.com,513686,9.0,127分钟,扬·马特尔,31.4%,60.7%,少年派的奇幻漂流 Life of Pi,2012
33,,,,,,,,,,,,,,,,
34,杰克·尼科尔森,丹尼·德维托,克里斯托弗·洛伊德,美国,米洛斯·福尔曼,剧情,,http://www.imdb.com/title/tt0073486,244457,9.0,133分钟,劳伦斯·奥邦,32.8%,59.1%,飞越疯人院 One Flew Over the Cuckoo's Nest,1975
35,姜文,香川照之,袁丁,中国大陆,姜文,剧情,战争,http://www.imdb.com/title/tt0245929,191870,9.1,139分钟,姜文,28.5%,64.0%,鬼子来了,2000
36,John Chisholm,Mandy-Rae Cruikshank,Charles Hambleton,www.thecovemovie.com,路易·西霍尤斯,纪录片,,http://www.thecovemovie.com,164772,9.3,92分钟,马克·蒙雷,22.5%,71.4%,海豚湾 The Cove,2009
37,克里斯蒂安·贝尔,希斯·莱杰,艾伦·艾克哈特,thedarkknight.warnerbros.com,克里斯托弗·诺兰,剧情,动作,http://thedarkknight.warnerbros.com,271942,9.0,152分钟,乔纳森·诺兰,30.6%,59.5%,蝙蝠侠：黑暗骑士 The Dark Knight,2008
38,乌尔里希·穆埃,马蒂娜·戈黛特,塞巴斯蒂安·科赫,德国,弗洛里安·亨克尔·冯·多纳斯马,剧情,悬疑,http://www.imdb.com/title/tt0405094,188771,9.1,137分钟,弗洛里安·亨克尔·冯·多纳斯马,30.5%,62.6%,窃听风暴 Das Leben der Anderen,2006
39,葛优,巩俐,姜武,中国大陆/香港,张艺谋,剧情,家庭,http://www.imdb.com/title/tt0110081,218413,9.0,132分钟,余华,33.8%,58.4%,活着,1994
40,娜塔莉·波特曼,雨果·维文,鲁珀特·格雷夫斯,美国/英国/德国,詹姆斯·麦克特格,剧情,动作,http://www.imdb.com/title/tt0434409,355830,8.8,132分钟,莉莉·沃卓斯基,33.1%,54.8%,V字仇杀队 V for Vendetta,2005
41,阿尔·帕西诺,克里斯·奥唐纳,詹姆斯·瑞布霍恩,美国,马丁·布莱斯,剧情,,http://www.imdb.com/title/tt0105323,277093,8.9,157 分钟,博·古德曼,36.2%,54.4%,闻香识女人 Scent of a Woman,1992
42,奥黛丽·塔图,马修·卡索维茨,贾梅尔·杜布兹,法国/德国,让-皮埃尔·热内,喜剧,爱情,http://www.imdb.com/title/tt0211915,430912,8.7,122分钟,吉罗姆·洛朗,35.2%,51.6%,天使爱美丽 Le fabuleux destin d'Amélie Poulain,2001
43,罗素·克劳,詹妮弗·康纳利,艾德·哈里斯,美国,朗·霍华德,剧情,传记,http://www.imdb.com/title/tt0268978,267525,8.9,135 分钟,阿齐瓦·高斯曼,38.0%,53.3%,美丽心灵 A Beautiful Mind,2001
44,伊利亚·伍德,西恩·奥斯汀,伊恩·麦克莱恩,www.lordoftherings.net,彼得·杰克逊,剧情,动作,http://www.lordoftherings.net,239853,8.9,179分钟,弗兰·威尔士,33.0%,57.1%,指环王2：双塔奇兵 The Lord of the Rings: The Two Towers,2002
45,伊利亚·伍德,西恩·奥斯汀,伊恩·麦克莱恩,www.lordoftherings.net,彼得·杰克逊,剧情,动作,http://www.lordoftherings.net,267326,8.9,178分钟,弗兰·威尔士,33.4%,55.9%,指环王1：魔戒再现 The Lord of the Rings: The Fellowship of the Ring,2001
46,阿尔·帕西诺,罗伯特·杜瓦尔,黛安·基顿,美国,弗朗西斯·福特·科波拉,剧情,犯罪,http://www.imdb.com/title/tt0071562,161135,9.1,202分钟,马里奥·普佐,30.6%,62.1%,教父2 The Godfather: Part Ⅱ,1974
47,马修·麦康纳,安妮·海瑟薇,杰西卡·查斯坦,www.interstellarmovie.com,克里斯托弗·诺兰,剧情,科幻,http://www.interstellarmovie.com,410290,9.1,169分钟,乔纳森·诺兰,27.8%,64.5%,星际穿越 Interstellar,2014
48,倍赏千惠子,木村拓哉,美轮明宏,日本,宫崎骏,爱情,动画,http://www.imdb.com/title/tt0347149,295987,8.8,119分钟,宫崎骏,36.4%,52.7%,哈尔的移动城堡 ハウルの動く城,2004
49,摩根·弗里曼,布拉德·皮特,凯文·史派西,美国,大卫·芬奇,剧情,悬疑,http://www.imdb.com/title/tt0114369,386828,8.7,127分钟,安德鲁·凯文·沃克,40.5%,48.3%,七宗罪 Se7en,1995
50,中山美穗,丰川悦司,酒井美纪,日本,岩井俊二,剧情,爱情,http://www.imdb.com/title/tt0113703,317634,8.8,117分钟,岩井俊二,35.4%,52.3%,情书 Love Letter,1995
51,罗宾·威廉姆斯,罗伯特·肖恩·莱纳德,伊桑·霍克,美国,彼得·威尔,剧情,,http://www.imdb.com/title/tt0097165,235661,8.9,128 分钟,汤姆·舒尔曼,34.6%,55.4%,死亡诗社 Dead Poets Society,1989
52,罗伯特·德尼罗,詹姆斯·伍兹,詹妮弗·康纳利,www.onceuponatimeinamerica.net,赛尔乔·莱翁内,剧情,犯罪,http://www.onceuponatimeinamerica.net,150444,9.1,229分钟,皮耶罗·德·伯纳迪,30.1%,62.2%,美国往事 Once Upon a Time in America,1984
53,梅尔·吉布森,苏菲·玛索,布莱恩·考克斯,美国,梅尔·吉布森,剧情,动作,http://www.imdb.com/title/tt0112573,263882,8.8,177 分钟,兰道尔·华莱士,35.3%,53.3%,勇敢的心 Braveheart,1995
54,约翰尼·德普,薇诺娜·瑞德,黛安·韦斯特,美国,蒂姆·波顿,剧情,爱情,http://www.imdb.com/title/tt0099487,426469,8.7,105 分钟,卡罗琳·汤普森,39.4%,47.6%,剪刀手爱德华 Edward Scissorhands,1990
55,艾德里安·布洛迪,托马斯·克莱舒曼,艾米莉娅·福克斯,法国/德国/英国/波兰,罗曼·波兰斯基,剧情,传记,http://www.imdb.com/title/tt0253474,176359,9.0,150分钟,罗纳德·哈伍德,35.7%,56.9%,钢琴家 The Pianist,2002
56,克里斯蒂安·贝尔,休·杰克曼,迈克尔·凯恩,美国/英国,克里斯托弗·诺兰,剧情,悬疑,http://www.imdb.com/title/tt0482571,295145,8.8,130分钟,乔纳森·诺兰,39.3%,50.3%,致命魔术 The Prestige,2006
57,乔纳森·泰勒·托马斯,马修·布罗德里克,杰瑞米·艾恩斯,美国,罗杰·阿勒斯,剧情,动画,http://www.imdb.com/title/tt0110357,245482,8.8,89 分钟,艾琳·梅琪,37.0%,52.7%,狮子王 The Lion King,1994
58,中谷美纪,瑛太,香川照之,日本,中岛哲也,剧情,歌舞,http://www.imdb.com/title/tt0768120,224927,8.9,130 分钟,中岛哲也,33.4%,55.8%,被嫌弃的松子的一生 嫌われ松子の一生,2006
59,朱莉·安德鲁斯,克里斯托弗·普卢默,埃琳诺·帕克,美国,罗伯特·怀斯,剧情,爱情,http://www.imdb.com/title/tt0059742,203237,8.9,174分钟,恩斯特·莱赫曼,35.9%,54.5%,音乐之声 The Sound of Music,1965
60,Amir Farrokh Hashemian,默罕默德·阿米尔·纳吉,Bahare Seddiqi,http,马基德·马基迪,剧情,家庭,http://www.cinemajidi.com/children/,114334,9.1,89 分钟,马基德·马基迪,31.4%,63.0%,小鞋子 ?????? ?????,1997
61,约翰·特拉沃尔塔,乌玛·瑟曼,阿曼达·普拉莫,美国,昆汀·塔伦蒂诺,剧情,犯罪,http://www.imdb.com/title/tt0110912,284861,8.7,154分钟,昆汀·塔伦蒂诺,36.9%,50.8%,低俗小说 Pulp Fiction,1994
62,本木雅弘,广末凉子,山崎努,www.okuribito.jp,泷田洋二郎,剧情,,http://www.okuribito.jp,284984,8.8,130 分钟,小山薰堂,39.8%,49.8%,入殓师 おくりびと,2008
63,阿什顿·库彻,艾米·斯马特,埃尔登·汉森,美国/加拿大,埃里克·布雷斯,剧情,科幻,http://www.imdb.com/title/tt0289879,335915,8.7,113 分钟,J.麦基·格鲁伯,41.0%,46.6%,蝴蝶效应 The Butterfly Effect,2004
64,宋康昊,吴达洙,金英爱,www.lawyersong.kr,杨宇硕,剧情,,http://www.lawyersong.kr,155641,9.1,127分钟,杨宇硕,31.7%,62.1%,辩护人 ???,2013
65,朱迪·福斯特,安东尼·霍普金斯,斯科特·格伦,美国,乔纳森·戴米,剧情,惊悚,http://www.imdb.com/title/tt0102926,302819,8.7,118 分钟,Thomas Harris,42.0%,46.6%,沉默的羔羊 The Silence of the Lambs,1991
66,托妮·科莱特,菲利普·塞默·霍夫曼,艾瑞克·巴纳,www.maryandmax.com/,亚当·艾略特,剧情,爱情,http://www.maryandmax.com/,212423,8.9,Australia: 80 分钟,亚当·艾略特,34.1%,55.9%,玛丽和马克思 Mary and Max,2009
67,布拉德·皮特,凯特·布兰切特,塔拉吉·P·汉森,美国,大卫·芬奇,剧情,爱情,http://www.imdb.com/title/tt0421715,348226,8.7,166分钟,艾瑞克·罗斯,39.2%,48.1%,本杰明·巴顿奇事 The Curious Case of Benjamin Button,2008
68,吴倩莲,杨贵媚,王渝文,台湾/美国,李安,剧情,家庭,http://www.imdb.com/title/tt0111797,149584,9.0,124 分钟,李安,37.2%,55.5%,饮食男女 飲食男女,1994
69,基努·里维斯,凯瑞-安·莫斯,劳伦斯·菲什伯恩,美国/澳大利亚,莉莉·沃卓斯基,动作,科幻,http://www.imdb.com/title/tt0133093,240925,8.7,136分钟,莉莉·沃卓斯基,35.7%,51.5%,黑客帝国 The Matrix,1999
70,汤姆·汉克斯,汤姆·塞兹摩尔,爱德华·伯恩斯,http,史蒂文·斯皮尔伯格,剧情,历史,http://www.rzm.com/pvt.ryan/index.html,197715,8.8,169分钟,罗伯特·罗达特,38.9%,50.8%,拯救大兵瑞恩 Saving Private Ryan,1998
71,莫妮卡·贝鲁奇,圭塞佩·苏尔法罗,Luciano Federico,意大利/美国,朱塞佩·托纳多雷,剧情,情色,http://www.imdb.com/title/tt0213847,290916,8.7,109 分钟,朱塞佩·托纳多雷,42.6%,45.5%,西西里的美丽传说 Malèna,2000
72,泰隆·鲍华,玛琳·黛德丽,查尔斯·劳顿,美国,比利·怀德,剧情,悬疑,http://www.imdb.com/title/tt0051201,54343,9.5,116分钟,阿加莎·克里斯蒂,18.3%,79.6%,控方证人 Witness for the Prosecution,1957
73,松田洋治,石田百合子,田中裕子,日本,宫崎骏,动画,奇幻,http://www.imdb.com/title/tt0119698,202251,8.8,134 分钟,宫崎骏,38.0%,50.5%,幽灵公主 もののけ姫,1997
74,马特·达蒙,罗宾·威廉姆斯,本·阿弗莱克,美国,格斯·范·桑特,剧情,,http://www.imdb.com/title/tt0119217,227225,8.7,126 分钟,本·阿弗莱克,41.6%,47.6%,心灵捕手 Good Will Hunting,1997
75,布鲁斯·威利斯,海利·乔·奥斯蒙,托妮·科莱特,美国,M·奈特·沙马兰,剧情,悬疑,http://www.imdb.com/title/tt0167404,200006,8.8,107分钟,M·奈特·沙马兰,40.4%,49.2%,第六感 The Sixth Sense,1999
76,伊万·麦克格雷格,阿尔伯特·芬尼,比利·克鲁德普,美国,蒂姆·波顿,剧情,家庭,http://www.imdb.com/title/tt0319061,216733,8.7,125 分钟,Daniel Wallace,38.1%,49.8%,大鱼 Big Fish,2003
77,夏雨,宁静,陶虹,中国大陆/香港,姜文,剧情,,http://www.imdb.com/title/tt0111786,232285,8.7,134分钟(中国大陆),姜文,40.6%,47.8%,阳光灿烂的日子,1994
78,姜文,葛优,周润发,中国大陆/香港,姜文,剧情,喜剧,http://www.imdb.com/title/tt1533117,554266,8.7,132分钟,朱苏进,36.8%,49.6%,让子弹飞,2010
79,梁朝伟,林青霞,张国荣,香港,刘镇伟,喜剧,古装,http://www.imdb.com/title/tt0108074,235666,8.7,100 分钟,刘镇伟,32.3%,52.6%,射雕英雄传之东成西就 射鵰英雄傳之東成西就,1993
80,沈恩京,闵孝琳,姜素拉,韩国,姜炯哲,剧情,喜剧,http://www.imdb.com/title/tt1937339,229853,8.8,124分钟,姜炯哲,36.4%,52.4%,阳光姐妹淘 ??,2011
81,亚历桑德雷·罗德里格斯,Leandro Firmino,菲利佩·哈根森,巴西/法国,卡迪亚·兰德,剧情,犯罪,http://www.imdb.com/title/tt0317248,138673,8.9,130分钟,布罗里欧·曼托伐尼,36.6%,54.2%,上帝之城 Cidade de Deus,2002
82,薛耿求,严志媛,李来,www.wish-movie.kr,李濬益,剧情,家庭,http://www.wish-movie.kr,132733,9.0,123分钟,金智慧,33.0%,60.0%,素媛 ??,2013
83,邱岳峰,富润生,毕克,中国大陆,万籁鸣,动画,奇幻,http://www.imdb.com/title/tt0059855,80085,9.2,114分钟,李克弱,24.3%,67.7%,大闹天宫,1961
84,张国荣,梁朝伟,张震,香港/日本/韩国,王家卫,剧情,爱情,http://www.imdb.com/title/tt0118845,199344,8.7,96分钟,王家卫,38.6%,49.1%,春光乍泄 春光乍洩,1997
85,林青霞,金城武,梁朝伟,香港,王家卫,剧情,爱情,http://www.imdb.com/title/tt0109424,268409,8.6,102分钟,王家卫,40.7%,45.5%,重庆森林 重慶森林,1994
86,莱昂纳多·迪卡普里奥,马克·鲁弗洛,本·金斯利,美国,马丁·斯科塞斯,剧情,悬疑,http://www.imdb.com/title/tt1130884,306243,8.6,138 分钟,莱塔·卡罗格里迪斯,44.9%,43.0%,禁闭岛 Shutter Island,2010
87,辰己努,白石绫乃,志乃原良子,日本,高畑勋,剧情,动画,http://www.imdb.com/title/tt0095327,178160,8.7,89 分钟,高畑勋,33.7%,52.9%,萤火虫之墓 火垂るの墓,1988
88,约翰·库萨克,雷·利奥塔,阿曼达·皮特,美国,詹姆斯·曼高德,剧情,悬疑,http://www.imdb.com/title/tt0309698,268414,8.6,90分钟,Michael Cooney,44.5%,43.1%,致命ID Identity,2003
89,松隆子,冈田将生,木村佳乃,kokuhaku-shimasu.jp,中岛哲也,剧情,惊悚,http://kokuhaku-shimasu.jp,290038,8.6,106分钟,中岛哲也,37.9%,48.5%,告白,2010
90,黎明,张曼玉,杨恭如,香港,陈可辛,剧情,爱情,http://www.imdb.com/title/tt0117905,198578,8.7,118分钟(中国大陆),岸西,41.5%,46.8%,甜蜜蜜,1996
91,吴念真,李凯莉,金燕玲,台湾/日本,杨德昌,剧情,爱情,http://www.imdb.com/title/tt0244316,130739,8.9,173分钟,杨德昌,31.0%,57.1%,一一,2000
92,伊桑·霍克,朱莉·德尔佩,安德莉亚·埃克特,美国/奥地利/瑞士,理查德·林克莱特,剧情,爱情,http://www.imdb.com/title/tt0112471,184665,8.7,105分钟,理查德·林克莱特,36.1%,50.5%,爱在黎明破晓前 Before Sunrise,1995
93,约翰尼·德普,杰弗里·拉什,奥兰多·布鲁姆,美国,戈尔·维宾斯基,动作,奇幻,http://www.imdb.com/title/tt0325980,286701,8.5,143 分钟,泰德·艾略特,44.4%,42.0%,加勒比海盗 Pirates of the Caribbean: The Curse of the Black Pearl,2003
94,萨姆·沃辛顿,佐伊·索尔达娜,西格妮·韦弗,www.avatarmovie.com,詹姆斯·卡梅隆,动作,科幻,http://www.avatarmovie.com,469302,8.6,162 分钟,詹姆斯·卡梅隆,36.4%,47.6%,阿凡达 Avatar,2009
95,岛本须美,京田尚子,松田洋治,日本,宫崎骏,科幻,动画,http://www.imdb.com/title/tt0087544,151513,8.8,117分钟,宫崎骏,37.9%,50.6%,风之谷 風の谷のナウシカ,1984
96,伊桑·霍克,朱莉·德尔佩,弗农·多布切夫,美国,理查德·林克莱特,剧情,爱情,http://www.imdb.com/title/tt0381681,171572,8.7,80 分钟,理查德·林克莱特,35.2%,51.3%,爱在日落黄昏时 Before Sunset,2004
97,本名阳子,小林桂树,高山南,日本,近藤喜文,剧情,爱情,http://www.imdb.com/title/tt0113824,141263,8.8,111分钟,宫崎骏,37.6%,50.8%,侧耳倾听 耳をすませば,1995
98,杰伊·巴鲁切尔,杰拉德·巴特勒,克雷格·费格森,www.dreamworksdragons.com/,迪恩·德布洛斯,喜剧,动画,http://www.dreamworksdragons.com/,247391,8.7,98 分钟,威廉姆·戴维斯,41.7%,46.4%,驯龙高手 How to Train Your Dragon,2010
99,皮尔斯·布鲁斯南,雅克·贝汉,姜文,www.oceans-lefilm.com,雅克·贝汉,纪录片,,http://www.oceans-lefilm.com,90117,9.0,104分钟(法国),Christophe Cheysson,32.0%,59.4%,海洋 Océans,2009
100,安东尼·霍普金斯,布拉德·皮特,朱莉娅·奥蒙德,美国,爱德华·兹威克,剧情,爱情,http://www.imdb.com/title/tt0110322,134113,8.8,133分钟,William D. Wittliff,36.1%,51.9%,燃情岁月 Legends of the Fall,1994
101,拉尔夫·费因斯,托尼·雷沃罗利,艾德里安·布洛迪,www.grandbudapesthotel.com,韦斯·安德森,剧情,喜剧,http://www.grandbudapesthotel.com,251587,8.7,100分钟,韦斯·安德森,38.9%,49.3%,布达佩斯大饭店 The Grand Budapest Hotel,2014
102,希斯·莱杰,杰克·吉伦哈尔,米歇尔·威廉姆斯,www.brokebackmountain.com,李安,剧情,爱情,http://www.brokebackmountain.com,274376,8.5,134分钟,拉里·麦克穆特瑞,40.0%,43.8%,断背山 Brokeback Mountain,2005
103,莱昂纳多·迪卡普里奥,汤姆·汉克斯,克里斯托弗·沃肯,美国/加拿大,史蒂文·斯皮尔伯格,剧情,传记,http://www.imdb.com/title/tt0264464,179270,8.7,141 分钟,杰夫·内桑森,44.4%,44.5%,猫鼠游戏 Catch Me If You Can,2002
104,艾德里安·布洛迪,克里斯蒂娜·亨德里克斯,詹姆斯·肯恩,detachment-film.com,托尼·凯耶,剧情,,http://detachment-film.com,144490,8.7,97分钟,卡尔·隆德,37.0%,50.9%,超脱 Detachment,2011
105,查理·卓别林,宝莲·高黛,亨利·伯格曼,美国,查理·卓别林,剧情,喜剧,http://www.imdb.com/title/tt0027977,69828,9.1,87 分钟,查理·卓别林,31.0%,63.3%,摩登时代 Modern Times,1936
106,麦斯·米科尔森,托玛斯·博·拉森,安妮卡·韦德科普,丹麦/瑞典,托马斯·温特伯格,剧情,,http://www.imdb.com/title/tt2106476,93943,9.0,115分钟,托马斯·温特伯格,34.3%,58.1%,狩猎 Jagten,2012
107,汤姆·汉克斯,凯瑟琳·泽塔-琼斯,斯坦利·图齐,美国,史蒂文·斯皮尔伯格,剧情,喜剧,http://www.imdb.com/title/tt0362227,199637,8.6,128 分钟,Sacha Gervasi,43.5%,43.8%,幸福终点站 The Terminal,2004
108,,,,,,,,,,,,,,,,
109,史蒂夫·卡瑞尔,杰森·席格尔,拉塞尔·布兰德,www.despicableme.com,皮艾尔·柯芬,喜剧,动画,http://www.despicableme.com,320218,8.5,95分钟,肯·道里欧,45.4%,40.5%,神偷奶爸 Despicable Me,2010
110,路易·德·菲耐斯,布尔维尔,Claudio Brook,法国/英国,杰拉尔·乌里,喜剧,战争,http://www.imdb.com/title/tt0060474,93486,8.9,132 分钟,Marcel Jullian,32.6%,57.2%,虎口脱险 La grande vadrouille,1966
111,北野武,关口雄介,岸本加世子,日本,北野武,剧情,喜剧,http://www.imdb.com/title/tt0199683,149279,8.7,121 分钟,北野武,38.6%,49.0%,菊次郎的夏天 菊次郎の夏,1999
112,马特·达蒙,朱丽娅·斯蒂尔斯,大卫·斯特雷泽恩,美国/德国,保罗·格林格拉斯,动作,悬疑,http://www.imdb.com/title/tt0440963,154636,8.7,115分钟,托尼·吉尔罗伊,40.0%,47.9%,谍影重重3 The Bourne Ultimatum,2007
113,休·格兰特,科林·费尔斯,艾玛·汤普森,www.loveactually.com/,理查德·柯蒂斯,剧情,喜剧,http://www.loveactually.com/,269656,8.5,135 分钟,理查德·柯蒂斯,38.8%,43.9%,真爱至上 Love Actually,2003
114,志田未来,神木隆之介,三浦友和,http,米林宏昌,动画,奇幻,http://karigurashi.jp/,187071,8.7,94分钟,宫崎骏,41.7%,46.0%,借东西的小人阿莉埃蒂 借りぐらしのアリエッティ,2010
115,达斯汀·霍夫曼,汤姆·克鲁斯,瓦莱莉·高利诺,美国,巴瑞·莱文森,剧情,,http://www.imdb.com/title/tt0095953,183731,8.6,133分钟,罗纳德·巴斯,46.2%,42.3%,雨人 Rain Man,1988
116,戴夫·帕特尔,芙蕾达·平托,亚尼·卡普,www.foxsearchlight.com/slumdogmillionaire/,丹尼·博伊尔,剧情,爱情,http://www.foxsearchlight.com/slumdogmillionaire/,356358,8.5,120 分钟,西蒙·博福伊,45.1%,40.0%,贫民窟的百万富翁 Slumdog Millionaire,2008
117,吴君如,任达华,钟绍图,香港/中国大陆,罗启锐,剧情,家庭,http://www.imdb.com/title/tt1602572,270030,8.6,117分钟,罗启锐,40.9%,45.2%,岁月神偷 歲月神偷,2010
118,尼古拉斯·凯奇,瑞恩·雷诺兹,艾玛·斯通,美国,柯克·德·米科,喜剧,动画,http://www.imdb.com/title/tt0481499,327750,8.8,98分钟,克里斯·桑德斯,37.4%,50.7%,疯狂原始人 The Croods,2013
119,盖·皮尔斯,凯瑞-安·莫斯,乔·潘托里亚诺,美国,克里斯托弗·诺兰,剧情,悬疑,http://www.imdb.com/title/tt0209144,238892,8.5,113 分钟,克里斯托弗·诺兰,42.8%,42.3%,记忆碎片 Memento,2000
120,张国荣,张曼玉,梁朝伟,香港/台湾,王家卫,剧情,动作,http://www.imdb.com/title/tt0109688,217369,8.5,100分钟,王家卫,38.3%,45.5%,东邪西毒 東邪西毒,1994
121,三船敏郎,志村乔,稻叶义男,日本,黑泽明,剧情,动作,http://www.imdb.com/title/tt0047478,62833,9.1,160分钟(国际版),黑泽明,27.8%,65.0%,七武士 七人の侍,1954
122,张国荣,王祖贤,午马,香港,程小东,剧情,爱情,http://www.imdb.com/title/tt0093978,206986,8.5,98分钟(香港),阮继志,44.9%,41.6%,倩女幽魂,1987
123,丹尼尔·雷德克里夫,艾玛·沃森,鲁伯特·格林特,www.harrypotter.co.uk,克里斯·哥伦布,奇幻,冒险,http://www.harrypotter.co.uk,200818,8.6,152分钟,斯蒂芬·科洛弗,41.8%,43.7%,哈利·波特与魔法石 Harry Potter and the Sorcerer's Stone,2001
124,阿萨·巴特菲尔德,维拉·法米加,大卫·休里斯,英国/美国,马克·赫尔曼,剧情,战争,http://www.imdb.com/title/tt0914798,109286,8.8,94 分钟,马克·赫尔曼,41.2%,50.0%,穿条纹睡衣的男孩 The Boy in the Striped Pajamas,2008
125,仲里依纱,石田卓也,板仓光隆,www.kadokawa.co.jp/tokikake/,细田守,剧情,爱情,http://www.kadokawa.co.jp/tokikake/,158645,8.6,98分钟,奥寺佐渡子,39.9%,46.6%,穿越时空的少女 時をかける少女,2006
126,尊龙,陈冲,彼得·奥图尔,意大利/中国大陆/英国/法国,贝纳尔多·贝托鲁奇,剧情,传记,http://www.imdb.com/title/tt0093389,127702,8.7,163分钟,贝纳尔多·贝托鲁奇,39.4%,49.3%,末代皇帝 The Last Emperor,1987
127,约翰·古德曼,比利·克里斯托,玛丽·吉布斯,www.monstersinc.com,彼特·道格特,喜剧,动画,http://www.monstersinc.com,200871,8.6,92 分钟,安德鲁·斯坦顿,44.6%,42.0%,"怪兽电力公司 Monsters, Inc.",2001
128,费雯·丽,罗伯特·泰勒,露塞尔·沃特森,美国,茂文·勒鲁瓦,剧情,爱情,http://www.imdb.com/title/tt0033238,113939,8.8,108 分钟,乔治·弗罗斯切尔,40.8%,48.9%,魂断蓝桥 Waterloo Bridge,1940
129,瑞恩·高斯林,瑞秋·麦克亚当斯,吉娜·罗兰兹,美国,尼克·卡索维茨,剧情,爱情,http://www.imdb.com/title/tt0332280,234146,8.5,123分钟,扬·萨尔迪,40.9%,42.5%,恋恋笔记本 The Notebook,2004
130,伊万·麦克格雷格,艾文·布莱纳,约翰尼·李·米勒,英国,丹尼·博伊尔,剧情,犯罪,http://www.imdb.com/title/tt0117951,212266,8.5,94 分钟,埃文·威尔什,40.3%,44.0%,猜火车 Trainspotting,1996
131,唐·钱德尔,苏菲·奥康内多,杰昆·菲尼克斯,http,特瑞·乔治,剧情,历史,http://www.mgm.com/ua/hotelrwanda/main.html,99149,8.8,121 分钟,凯尔·皮尔森,40.7%,50.5%,卢旺达饭店 Hotel Rwanda,2004
132,,,,,,,,,,,,,,,,
133,娜塔莉·波特曼,米拉·库尼斯,薇诺娜·瑞德,美国,达伦·阿伦诺夫斯基,剧情,惊悚,http://www.imdb.com/title/tt0947798,365703,8.5,108分钟,安德雷斯·海因斯,45.9%,39.8%,黑天鹅 Black Swan,2010
134,本·阿弗莱克,裴淳华,尼尔·帕特里克·哈里斯,美国,大卫·芬奇,剧情,悬疑,http://www.imdb.com/title/tt2267998,288314,8.7,149分钟,吉莉安·弗琳,42.9%,46.9%,消失的爱人 Gone Girl,2014
135,河正宇,李璟荣,全慧珍,韩国,金秉祐,剧情,悬疑,http://www.imdb.com/title/tt2990738,165713,8.7,97分钟,金秉祐,40.9%,47.8%,恐怖直播 ? ?? ???,2013
136,凯拉·奈特莉,马修·麦克费登,唐纳德·萨瑟兰,法国/英国/美国,乔·赖特,剧情,爱情,http://www.imdb.com/title/tt0414387,254694,8.4,129 分钟,黛博拉·莫盖茨,43.7%,39.4%,傲慢与偏见 Pride & Prejudice,2005
137,凯文·科斯特纳,劳拉·邓恩,克林特·伊斯特伍德,美国,克林特·伊斯特伍德,剧情,犯罪,http://www.imdb.com/title/tt0107808,65878,9.0,138分钟,约翰·李·汉考克,33.2%,58.9%,完美的世界 A Perfect World,1993
138,阿尔·帕西诺,黛安·基顿,塔莉娅·夏尔,美国,弗朗西斯·福特·科波拉,剧情,犯罪,http://www.imdb.com/title/tt0099674,109139,8.7,162 分钟,马里奥·普佐,37.4%,50.2%,教父3 The Godfather: Part III,1990
139,水桥研二,近藤好美 ,尾上绫华,www.cwfilms.jp/5cm/,新海诚,剧情,爱情,http://www.cwfilms.jp/5cm/,238635,8.4,63分钟,新海诚,35.9%,44.6%,秒速5厘米 秒速5センチメートル,2007
140,汤姆·汉克斯,蒂姆·艾伦,琼·库萨克,http,李·昂克里奇,喜剧,动画,http://disney.go.com/toystory/,172101,8.8,103分钟,迈克尔·阿恩特,36.8%,50.8%,玩具总动员3 Toy Story 3,2010
141,林原惠美,古谷彻,江守彻,日本,今敏,科幻,动画,http://www.imdb.com/title/tt0851578,98485,8.8,90 分钟,水上清资,37.2%,52.1%,红辣椒 パプリカ,2006
142,周润发,狄龙,张国荣,香港,吴宇森,动作,犯罪,http://www.imdb.com/title/tt0092263,121743,8.7,95分钟,陈庆嘉,41.7%,46.5%,英雄本色,1986
143,西恩·潘,达科塔·范宁,米歇尔·菲佛,美国,杰茜·尼尔森,剧情,家庭,http://www.imdb.com/title/tt0277027,86398,8.8,132 分钟,杰茜·尼尔森,38.1%,52.1%,我是山姆 I Am Sam,2001
144,海利·乔·奥斯蒙,弗兰西丝·奥康纳,山姆·洛巴兹,http,史蒂文·斯皮尔伯格,剧情,科幻,http://aimovie.warnerbros.com/,164934,8.6,146分钟,Ian Watson,38.7%,45.5%,人工智能 Artificial Intelligence: AI,2001
145,吉恩·凯利,唐纳德·奥康纳,黛比·雷诺斯,美国,斯坦利·多南,喜剧,爱情,http://www.imdb.com/title/tt0045152,77782,8.9,103 分钟,Adolph Green,36.0%,55.0%,雨中曲 Singin' in the Rain,1952
146,周润发,张国荣,钟楚红,香港,吴宇森,剧情,喜剧,http://www.imdb.com/title/tt0101020,117432,8.7,108分钟,吴宇森,41.6%,46.6%,纵横四海 緃横四海,1991
147,本·卫肖,艾伦·瑞克曼,蕾切儿·哈伍德,http,汤姆·提克威,剧情,犯罪,http://www.parfum.film.de/,238352,8.4,147分钟,安德鲁·伯金,43.3%,40.2%,香水 Perfume: The Story of a Murderer,2006
148,雷·罗马诺,约翰·雷吉扎莫,丹尼斯·利瑞,美国,卡洛斯·沙尔丹哈,喜剧,动画,http://www.imdb.com/title/tt0268380,236607,8.4,81 分钟,迈克尔·伯格 ,48.5%,36.8%,冰川时代 Ice Age,2002
149,桑德拉·布洛克,唐·钱德尔,马特·狄龙,http,保罗·哈吉斯,剧情,犯罪,http://www.crashfilm.com/,153114,8.6,112分钟,保罗·哈吉斯,42.3%,43.7%,撞车 Crash,2004
150,佐仓绫音,内山昂辉,,www.hotarubi.info,大森贵弘,剧情,爱情,http://www.hotarubi.info,125886,8.8,45分钟,绿川幸,35.2%,52.0%,萤火之森 蛍火の杜へ,2011
151,约根·沃格尔,詹妮弗·乌尔里希,马克思·雷迈特,德国,丹尼斯·甘塞尔,剧情,,http://www.imdb.com/title/tt1063669,107765,8.7,107 分钟,丹尼斯·甘塞尔,42.2%,47.3%,浪潮 Die Welle,2008
152,赵文瑄,归亚蕾,金素梅,台湾/美国,李安,剧情,喜剧,http://www.imdb.com/title/tt0107156,108785,8.7,106 分钟,李安,45.4%,45.4%,喜宴,1993
153,让-马克·巴尔,让·雷诺,罗姗娜·阿奎特,法国/美国/意大利,吕克·贝松,剧情,爱情,http://www.imdb.com/title/tt0095250,98636,8.7,168 分钟(director's cut),吕克·贝松,36.5%,50.7%,碧海蓝天 Le grand bleu,1988
154,凯特·温丝莱特,拉尔夫·费因斯,大卫·克劳斯,美国/德国,史蒂芬·戴德利,剧情,爱情,http://www.imdb.com/title/tt0976051,247081,8.5,124 分钟,戴维·黑尔,47.2%,38.3%,朗读者 The Reader,2008
155,杰里米·西奥伯德,亚历克斯·霍,露西·拉塞尔,英国,克里斯托弗·诺兰,悬疑,惊悚,http://www.imdb.com/title/tt0154506,64255,9.0,70分钟,克里斯托弗·诺兰,36.2%,56.2%,追随 Following,1998
156,比尔·奈伊,肯尼思·布拉纳,菲利普·塞默·霍夫曼,英国/德国/法国,理查德·柯蒂斯,剧情,喜剧,http://www.imdb.com/title/tt1131729,150994,8.6,116 分钟,理查德·柯蒂斯,35.9%,49.3%,海盗电台 The Boat That Rocked,2009
157,多布杰,张磊,亓亮,中国大陆/香港,陆川,剧情,,http://www.imdb.com/title/tt0386651,111384,8.6,85分钟(中国大陆),陆川,41.8%,45.5%,可可西里,2004
158,桥本爱,三浦贵大,松冈茉优,日本,森淳一,剧情,,http://www.imdb.com/title/tt3474600,90857,8.9,111分钟,五十岚大介,35.9%,54.8%,小森林 夏秋篇 リトル?フォレスト 夏?秋,2014
159,艾伦·伯斯汀,杰瑞德·莱托,詹妮弗·康纳利,美国,达伦·阿伦诺夫斯基,剧情,,http://www.imdb.com/title/tt0180093,91764,8.7,102分钟,达伦·阿伦诺夫斯基,35.8%,51.5%,梦之安魂曲 Requiem for a Dream,2000
160,尼古拉斯·凯奇,布丽姬·穆娜,杰瑞德·莱托,美国/法国,安德鲁·尼科尔,剧情,犯罪,http://www.imdb.com/title/tt0399295,151138,8.5,122 分钟,安德鲁·尼科尔,45.4%,40.5%,战争之王 Lord of War,2005
161,丹尼尔·雷德克里夫,艾玛·沃森,鲁伯特·格林特,美国/英国,大卫·叶茨,剧情,悬疑,http://www.imdb.com/title/tt1201607,233747,8.6,130分钟,斯蒂芬·科洛弗,36.0%,48.5%,哈利·波特与死亡圣器(下) Harry Potter and the Deathly Hallows: Part 2,2011
162,三船敏郎,千秋实,京町子,日本,黑泽明,剧情,悬疑,http://www.imdb.com/title/tt0042876,100919,8.7,88分钟,黑泽明,39.4%,48.0%,罗生门 羅生門,1950
163,柳承龙,朴信惠,郑镇荣,www.7gift.kr,李焕庆,剧情,喜剧,http://www.7gift.kr,134988,8.6,127分钟,李焕庆,38.0%,48.0%,7号房的礼物 7??? ??,2013
164,周星驰,张柏芝,莫文蔚,香港,周星驰,剧情,喜剧,http://www.imdb.com/title/tt0188766,244997,8.3,85分钟,曾瑾昌,43.7%,37.6%,喜剧之王 喜劇之王,1999
165,Philippe Labro,雅克·贝汉,,法国/德国/意大利/西班牙/瑞士,雅克·贝汉,纪录片,,http://www.imdb.com/title/tt0301727,46931,9.1,98分钟(法国),Francis Roux,29.4%,63.4%,迁徙的鸟 Le peuple migrateur,2001
166,埃米尔·赫斯基,马西娅·盖伊·哈登,威廉·赫特,美国,西恩·潘,剧情,传记,http://www.imdb.com/title/tt0758758,110369,8.6,148分钟,西恩·潘,35.5%,49.6%,荒野生存 Into the Wild,2007
167,蕾拉·哈塔米,佩曼·莫阿迪,沙哈布·侯赛尼,伊朗,阿斯哈·法哈蒂,剧情,家庭,http://www.imdb.com/title/tt1832382,111424,8.7,123分钟,阿斯哈·法哈蒂,41.0%,47.1%,一次别离 ????? ???? ?? ?????,2011
168,梁朝伟,张曼玉,潘迪华,香港/法国,王家卫,剧情,爱情,http://www.imdb.com/title/tt0118694,199183,8.4,98 分钟,王家卫,46.0%,37.6%,花样年华 花樣年華,2000
169,马特·达蒙,弗兰卡·波坦特,克里斯·库珀,www.thebourneidentity.com,道格·里曼,动作,悬疑,http://www.thebourneidentity.com,164978,8.5,119分钟,托尼·吉尔罗伊,45.2%,39.2%,谍影重重 The Bourne Identity,2002
170,马特·达蒙,弗兰卡·波坦特,布莱恩·考克斯,www.thebournesupremacy.com,保罗·格林格拉斯,动作,悬疑,http://www.thebournesupremacy.com,134845,8.5,108分钟,罗伯特·鲁德鲁姆,45.9%,40.4%,谍影重重2 The Bourne Supremacy,2004
171,肖恩·康纳利,尼古拉斯·凯奇,艾德·哈里斯,美国,迈克尔·贝,动作,冒险,http://www.imdb.com/title/tt0117500,123038,8.5,136分钟,大卫·韦斯伯格,44.2%,41.8%,勇闯夺命岛 The Rock,1996
172,多姆纳尔·格里森,瑞秋·麦克亚当斯,比尔·奈伊,www.abouttimemovie.com,理查德·柯蒂斯,剧情,爱情,http://www.abouttimemovie.com,151953,8.6,123分钟,理查德·柯蒂斯,40.4%,44.4%,时空恋旅人 About Time,2013
173,汤姆·汉克斯,大卫·摩斯,迈克·克拉克·邓肯,美国,弗兰克·德拉邦特,剧情,悬疑,http://www.imdb.com/title/tt0120689,89155,8.7,189 分钟,弗兰克·德拉邦特,38.8%,48.2%,绿里奇迹 The Green Mile,1999
174,三上博史,恰拉,伊藤步,日本,岩井俊二,剧情,犯罪,http://www.imdb.com/title/tt0117797,96499,8.6,146分钟(德国),岩井俊二,37.6%,48.1%,燕尾蝶 スワロウテイル,1996
175,达席尔·萨法瑞,阿米尔·汗,塔奈·切赫达,www.taarezameenpar.com,阿米尔·汗,剧情,家庭,http://www.taarezameenpar.com,64551,8.8,165分钟,阿莫尔·古普特,35.7%,53.5%,地球上的星星 Taare Zameen Par,2007
176,亨弗莱·鲍嘉,英格丽·褒曼,保罗·亨雷德,美国,迈克尔·柯蒂斯,剧情,爱情,http://www.imdb.com/title/tt0034583,106181,8.6,102 分钟,朱利叶斯·J·爱泼斯坦,41.7%,44.5%,卡萨布兰卡 Casablanca,1942
177,霍卫民,王笑天,罗芸,中国大陆,忻钰坤,剧情,悬疑,http://www.imdb.com/title/tt4078856,113953,8.6,110分钟(中国大陆),忻钰坤,47.3%,41.3%,心迷宫,2014
178,周星驰,巩俐,陈百祥,香港,李力持,喜剧,爱情,http://www.imdb.com/title/tt0108289,257052,8.3,102 分钟,李力持,45.9%,35.3%,唐伯虎点秋香 唐伯虎點秋香,1993
179,拉尔夫·费因斯,克里斯汀·斯科特·托马斯,朱丽叶·比诺什,美国/英国,安东尼·明格拉,剧情,爱情,http://www.imdb.com/title/tt0116209,156268,8.4,162分钟,迈克尔·翁达杰,44.0%,39.8%,英国病人 The English Patient,1996
180,张国荣,张曼玉,刘嘉玲,香港,王家卫,剧情,爱情,http://www.imdb.com/title/tt0101258,145306,8.5,94 分钟,王家卫,46.3%,39.1%,阿飞正传 阿飛正傳,1990
181,詹姆斯·沃克,特里特·威廉斯,多米尼克·斯科特·凯伊,美国,彼得·维纳,剧情,传记,http://www.imdb.com/title/tt1292594,93381,8.6,98分钟,托马斯·瑞克曼,42.1%,45.0%,叫我第一名 Front of the Class,2008
182,约翰·特拉沃尔塔,尼古拉斯·凯奇,琼·艾伦,美国,吴宇森,动作,科幻,http://www.imdb.com/title/tt0119094,186840,8.4,138分钟,麦克·韦柏,48.0%,35.7%,变脸 Face/Off,1997
183,斯科特·安第斯,瑞恩·波特,丹尼尔·海尼,www.disneyanimation.com/projects/bighero6,唐·霍尔,喜剧,动作,http://www.disneyanimation.com/projects/bighero6,307784,8.6,102分钟,乔丹·罗伯茨,40.7%,45.6%,超能陆战队 Big Hero 6,2014
184,珍妮特·利,安东尼·博金斯,维拉·迈尔斯,美国,阿尔弗雷德·希区柯克,悬疑,恐怖,http://www.imdb.com/title/tt0054215,66367,8.8,109分钟,约瑟夫·斯蒂凡诺,39.2%,51.7%,惊魂记 Psycho,1960
185,大卫·李·史密斯,托尼·托德,约翰·比灵斯列,美国,理查德·沙因克曼,剧情,科幻,http://www.imdb.com/title/tt0756683,145905,8.5,87 分钟,杰罗姆·比克斯比,36.6%,45.5%,这个男人来自地球 The Man from Earth,2007
186,克里斯蒂安·贝尔,汤姆·哈迪,安妮·海瑟薇,www.thedarkknightrises.com,克里斯托弗·诺兰,剧情,动作,http://www.thedarkknightrises.com,254707,8.5,165分钟(美国/中国大陆),大卫·S·高耶,41.6%,42.8%,蝙蝠侠：黑暗骑士崛起 The Dark Knight Rises,2012
187,梅利莎·乔治,利亚姆·海姆斯沃斯,迈克尔·多曼,英国/澳大利亚,克里斯托弗·史密斯,剧情,悬疑,http://www.imdb.com/title/tt1187064,254045,8.3,99 分钟,克里斯托弗·史密斯,45.1%,35.9%,恐怖游轮 Triangle,2009
188,高山南,佐久间玲,山口胜平,日本,宫崎骏,动画,奇幻,http://www.imdb.com/title/tt0097814,161131,8.4,103分钟,宫崎骏,47.5%,36.7%,魔女宅急便 魔女の宅急便,1989
189,娜奥米·沃茨,劳拉·哈灵,安·米勒,法国/美国,大卫·林奇,剧情,悬疑,http://www.imdb.com/title/tt0166924,196324,8.3,147分钟,大卫·林奇,37.9%,42.5%,穆赫兰道 Mulholland Dr.,2001
190,亨利·托马斯,迪·沃伦斯,罗伯特·麦克纳夫顿,美国,史蒂文·斯皮尔伯格,剧情,科幻,http://www.imdb.com/title/tt0083866,130395,8.5,115分钟,梅丽莎·马西森,45.3%,39.9%,E.T. 外星人 E.T.: The Extra-Terrestrial,1982
191,凯拉·奈特莉,马克·鲁弗洛,詹姆斯·柯登,beginagainfilm.com,约翰·卡尼,喜剧,爱情,http://beginagainfilm.com,129152,8.5,104分钟,约翰·卡尼,44.4%,40.4%,再次出发之纽约遇见你 Begin Again,2013
192,阿诺·施瓦辛格,琳达·汉密尔顿,爱德华·福隆,美国/法国,詹姆斯·卡梅隆,动作,科幻,http://www.imdb.com/title/tt0103064,120220,8.5,137分钟,詹姆斯·卡梅隆,41.6%,42.2%,终结者2：审判日 Terminator 2: Judgment Day,1991
193,马尔科姆·麦克道威尔,帕特里克·马基,迈克尔·贝茨,英国/美国,斯坦利·库布里克,剧情,科幻,http://www.imdb.com/title/tt0066921,160400,8.4,136 分钟,斯坦利·库布里克,40.7%,41.4%,发条橙 A Clockwork Orange,1971
194,凯文·史派西,史蒂芬·鲍德温,加布里埃尔·伯恩,德国/美国,布莱恩·辛格,剧情,悬疑,http://www.imdb.com/title/tt0114814,97334,8.6,106分钟,Christopher McQuarrie,43.2%,43.7%,非常嫌疑犯 The Usual Suspects,1995
195,笠智众,原节子,杉村春子,日本,小津安二郎,剧情,家庭,http://www.imdb.com/title/tt0046438,39221,9.1,136 分钟,野田高梧,28.5%,64.9%,东京物语 東京物語,1953
196,梁正晖,邱岳峰,毕克,中国大陆,严定宪,动画,奇幻,http://www.imdb.com/title/tt0354770,66036,8.8,65分钟(中国大陆),王往,34.2%,53.0%,哪吒闹海,1979
197,Marius Weyers,Sandra Prinsloo,历苏,博茨瓦纳/南非,加美·尤伊斯,喜剧,,http://www.imdb.com/title/tt0080801,82636,8.6,109 分钟,加美·尤伊斯,38.0%,47.7%,上帝也疯狂 The Gods Must Be Crazy,1980
198,格伦·汉塞德,玛可塔·伊尔格洛娃,Alaistair Foley,www.foxsearchlight.com/once,约翰·卡尼,剧情,爱情,http://www.foxsearchlight.com/once,179143,8.3,85 分钟,约翰·卡尼,42.1%,38.6%,曾经 Once,2006
199,马修·麦康纳,詹妮弗·加纳,杰瑞德·莱托,美国,让-马克·瓦雷,剧情,同性,http://www.imdb.com/title/tt0790636,136555,8.6,117分钟,克莱格·鲍登,47.2%,42.0%,达拉斯买家俱乐部 Dallas Buyers Club,2013
200,吉娜·戴维斯,苏珊·萨兰登,哈威·凯特尔,美国/法国,雷德利·斯科特,剧情,惊悚,http://www.imdb.com/title/tt0103074,84126,8.6,130 分钟,卡莉·克里,41.6%,45.8%,末路狂花 Thelma & Louise,1991
201,杰克·吉伦哈尔,维拉·法米加,米歇尔·莫纳汉,美国/加拿大,邓肯·琼斯,剧情,动作,http://www.imdb.com/title/tt0945513,356835,8.3,93分钟,本·雷普利,49.9%,33.3%,源代码 Source Code,2011
202,金艺芬,俞承豪,童孝熙,www.thewayhome.co.kr,李廷香,剧情,家庭,http://www.thewayhome.co.kr,39983,9.1,80分钟,李廷香,29.3%,62.5%,爱·回家 ???...,2002
203,凯文·史派西,安妮特·贝宁,索拉·伯奇,www.dreamworks.com/ab/,萨姆·门德斯,剧情,家庭,http://www.dreamworks.com/ab/,159100,8.4,122 分钟,艾伦·鲍尔,44.7%,38.1%,美国丽人 American Beauty,1999
204,杰米·福克斯,莱昂纳多·迪卡普里奥,克里斯托弗·沃尔兹,unchainedmovie.com,昆汀·塔伦蒂诺,剧情,动作,http://unchainedmovie.com,224697,8.5,163分钟(中国大陆),昆汀·塔伦蒂诺,45.3%,40.8%,被解救的姜戈 Django Unchained,2012
205,山本圭,井川比佐志,片桐入,日本,神山征二郎,剧情,,http://www.imdb.com/title/tt0093132,42588,9.0,107 分钟,新藤兼人,30.7%,60.4%,忠犬八公物语 ハチ公物語,1987
206,里卡杜·达林,艾丽卡·里瓦斯,丽塔·科尔泰塞,阿根廷/西班牙,达米安·斯兹弗隆,剧情,喜剧,http://www.imdb.com/title/tt3011894,95009,8.7,122分钟,达米安·斯兹弗隆,43.3%,46.6%,荒蛮故事 Relatos salvajes,2014
207,桂纶镁,陈柏霖,梁又琳,bluegatecrossing.kingnet.com.tw,易智言,剧情,爱情,http://bluegatecrossing.kingnet.com.tw,242050,8.2,85分钟,易智言,43.6%,35.4%,蓝色大门 藍色大門,2002
208,吉约姆·卡内,玛丽昂·歌迪亚,蒂博?费尔哈格,法国/比利时,杨·塞谬尔,剧情,喜剧,http://www.imdb.com/title/tt0364517,284345,8.2,93 分钟,杨·塞谬尔,38.2%,38.7%,两小无猜 Jeux d'enfants,2003
209,基努·里维斯,劳伦斯·菲什伯恩,凯瑞-安·莫斯,美国/澳大利亚,莉莉·沃卓斯基,动作,科幻,http://www.imdb.com/title/tt0242653,129301,8.4,129 分钟,莉莉·沃卓斯基,39.3%,42.5%,黑客帝国3：矩阵革命 The Matrix Revolutions,2003
210,张曼玉,林青霞,梁家辉,香港/中国大陆,李惠民,剧情,动作,http://www.imdb.com/title/tt0105859,154620,8.4,88分钟,徐克,47.5%,36.5%,新龙门客栈 新龍門客棧,1992
211,克林特·伊斯特伍德,埃里·瓦拉赫,李·范·克里夫,意大利/西班牙/西德,赛尔乔·莱翁内,西部,冒险,http://www.imdb.com/title/tt0060196,40930,9.1,161 分钟,艾根诺尔·因克鲁西,29.9%,62.4%,"黄金三镖客 Il buono, il brutto, il cattivo.",1966
212,张震,杨静怡,张国柱,台湾,杨德昌,剧情,犯罪,http://www.imdb.com/title/tt0101985,81566,8.6,237分钟(导演剪辑版),杨德昌,36.0%,49.4%,牯岭街少年杀人事件 牯嶺街少年殺人事件,1991
213,马里奥·毛瑞尔,平采娜·乐维瑟派布恩,苏达拉·布查蓬,泰国,普特鹏·普罗萨卡·那·萨克那卡林,喜剧,爱情,http://www.imdb.com/title/tt1859438,395054,8.3,118分钟(泰国),普特鹏·普罗萨卡·那·萨克那卡林,41.4%,37.2%,初恋这件小事 ???????????????????????...???,2010
214,汤姆·哈迪,乔尔·埃哲顿,尼克·诺特,www.warriorfilm.com/,加文·欧康诺,剧情,家庭,http://www.warriorfilm.com/,75414,8.9,140分钟,加文·欧康诺,35.0%,54.7%,勇士 Warrior,2011
215,张曼玉,王祖贤,赵文卓,香港,徐克,剧情,奇幻,http://www.imdb.com/title/tt0106559,182361,8.3,99分钟,李碧华,44.6%,36.6%,青蛇,1993
216,米歇尔·塞罗,柯莱儿·布翁尼许,Nade Dieu,法国,费利普·弥勒,剧情,喜剧,http://www.imdb.com/title/tt0329485,85819,8.6,85 分钟,费利普·弥勒,45.4%,42.3%,蝴蝶 Le Papillon,2002
217,布拉德·皮特,梅拉尼·罗兰,克里斯托弗·沃尔兹,美国/德国,昆汀·塔伦蒂诺,剧情,犯罪,http://www.imdb.com/title/tt0361748,192047,8.4,153分钟,昆汀·塔伦蒂诺,45.8%,37.6%,无耻混蛋 Inglourious Basterds,2009
218,金·凯瑞,凯特·温丝莱特,克斯汀·邓斯特,www.eternalsunshine.com,米歇尔·贡德里,剧情,爱情,http://www.eternalsunshine.com,124722,8.4,108分钟,查理·考夫曼,41.3%,41.6%,暖暖内含光 Eternal Sunshine of the Spotless Mind,2004
219,马克西姆·戈达尔,瓦莱丽·勒梅西埃,凯德·麦拉德,法国/比利时,劳伦·泰拉德,喜剧,家庭,http://www.imdb.com/title/tt1264904,94933,8.6,92 分钟,哥瑞劳瑞·温格纳瑞恩,42.3%,45.1%,巴黎淘气帮 Le petit Nicolas,2009
220,李晋纬,林海峰,吴君如,香港,袁建滔,剧情,喜剧,http://www.imdb.com/title/tt0312941,112310,8.5,Japan: 75 分钟,谢立文,40.7%,42.5%,麦兜故事 麥兜故事,2001
221,维特维斯特·海伦亚沃恩酷,马里奥·毛瑞尔,赖拉·邦雅淑,http,楚克?萨克瑞科,剧情,爱情,http://www.theloveofsiam.com,199393,8.3,150分钟,楚克?萨克瑞科,40.3%,38.2%,爱在暹罗 ???????????,2007
222,凯文·科斯特纳,玛丽·麦克唐纳,格雷厄姆·格林,美国,凯文·科斯特纳,剧情,西部,http://www.imdb.com/title/tt0099348,49749,8.9,181 分钟,迈克尔·布雷克,36.6%,54.1%,与狼共舞 Dances with Wolves,1990
223,岩男润子,松本梨香,辻亲八,日本,今敏,动画,惊悚,http://www.imdb.com/title/tt0156887,65933,8.7,81 分钟,村井贞之,39.0%,49.8%,未麻的部屋 Perfect Blue,1997
224,查理·卓别林,弗吉尼亚·切瑞尔,佛罗伦斯·李,美国,查理·卓别林,剧情,喜剧,http://www.imdb.com/title/tt0021749,33652,9.2,87 分钟,查理·卓别林,28.8%,65.8%,城市之光 City Lights,1931
225,布拉德·皮特,汤姆·克鲁斯,克斯汀·邓斯特,美国,尼尔·乔丹,剧情,惊悚,http://www.imdb.com/title/tt0110148,173912,8.3,123分钟,安妮·莱斯,43.4%,37.0%,夜访吸血鬼 Interview with the Vampire: The Vampire Chronicles,1994
226,简·林奇,约翰·C·赖利,萨拉·西尔弗曼,disney.go.com/wreck-it-ralph,瑞奇·摩尔,喜剧,动画,http://disney.go.com/wreck-it-ralph,161597,8.7,108分钟,珍妮弗·李,39.3%,47.5%,无敌破坏王 Wreck-It Ralph,2012
227,费尔兰德·蒙特纳哥,马里利娅·佩拉,文尼西斯·狄·奥利维拉,http,沃尔特·塞勒斯,剧情,,http://www.centraldobrasil.com.br/front.htm,68391,8.7,113 分钟,马科斯·伯恩斯坦,44.2%,45.3%,中央车站 Central do Brasil,1998
228,杰克·尼科尔森,摩根·弗里曼,西恩·海耶斯,美国,罗伯·莱纳,剧情,喜剧,http://www.imdb.com/title/tt0825232,104231,8.5,97 分钟,Justin Zackham,46.1%,39.7%,遗愿清单 The Bucket List,2007
229,布拉德·皮特,本尼西奥·德尔·托罗,杰森·斯坦森,英国/美国,盖·里奇,喜剧,犯罪,http://www.imdb.com/title/tt0208092,99554,8.5,104 分钟,盖·里奇,46.3%,40.1%,偷拐抢骗 Snatch,2000
230,凯文·史派西,凯特·温丝莱特,劳拉·琳妮,美国/德国/英国,艾伦·帕克,剧情,悬疑,http://www.imdb.com/title/tt0289992,68932,8.7,130 分钟,查尔斯·伦道夫,42.8%,46.0%,大卫·戈尔的一生 The Life of David Gale,2003
231,,,,,,,,,,,,,,,,
232,科林·费尔斯,杰弗里·拉什,海伦娜·伯翰·卡特,英国/澳大利亚/美国,汤姆·霍珀,剧情,传记,http://www.imdb.com/title/tt1504320,293263,8.3,118分钟,大卫·塞德勒,51.4%,31.8%,国王的演讲 The King's Speech,2010
233,迈尔斯·特勒,J·K·西蒙斯,保罗·雷瑟,美国,达米安·沙泽勒,剧情,音乐,http://www.imdb.com/title/tt2582802,182733,8.6,107分钟,达米安·沙泽勒,41.3%,44.9%,爆裂鼓手 Whiplash,2014
234,莱昂纳多·迪卡普里奥,詹妮弗·康纳利,杰曼·翰苏,美国/德国,爱德华·兹威克,剧情,惊悚,http://www.imdb.com/title/tt0450259,107373,8.5,143 分钟,查尔斯·里维特,49.0%,37.3%,血钻 Blood Diamond,2006
235,汤姆·汉克斯,海伦·亨特,克里斯·诺斯,美国,罗伯特·泽米吉斯,剧情,冒险,http://www.imdb.com/title/tt0162222,111021,8.4,143分钟,威廉·保尔斯·杰宁,48.2%,37.2%,荒岛余生 Cast Away,2000
236,山姆·洛克威尔,凯文·史派西,多米妮克·麦克艾丽戈特,英国,邓肯·琼斯,剧情,科幻,http://www.imdb.com/title/tt1182345,120326,8.5,97 分钟,邓肯·琼斯,46.9%,39.0%,月球 Moon,2009
237,小野二郎 ,小野祯一,小野隆,日语,大卫·贾柏,纪录片,,http://www.imdb.com/title/tt1772925,66624,8.8,,小野二郎 ,38.5%,50.9%,寿司之神 Jiro Dreams of Sushi,2011
238,桥本爱,三浦贵大,松冈茉优,日本,森淳一,剧情,,http://www.imdb.com/title/tt3474602,77084,8.9,120分钟,森淳一,36.1%,54.9%,小森林 冬春篇 リトル?フォレスト 冬?春,2015
239,伊桑·霍克,乌玛·瑟曼,裘德·洛,美国,安德鲁·尼科尔,剧情,科幻,http://www.imdb.com/title/tt0119177,66233,8.7,106分钟,安德鲁·尼科尔,41.6%,46.2%,千钧一发 Gattaca,1997
240,宋在浩,李顺载,尹秀晶,www.iloveyou2011.co.kr/,秋昌民,剧情,爱情,http://www.iloveyou2011.co.kr/,44231,9.0,118分钟,姜草,31.5%,59.6%,我爱你 ??? ?????,2011
241,吴镇宇,任达华,黄秋生,香港,杜琪峰,剧情,动作,http://www.imdb.com/title/tt0220644,79477,8.6,84分钟(香港),游乃海,41.3%,44.2%,枪火 鎗火,1999
242,罗素·克劳,杰昆·菲尼克斯,康妮·尼尔森,英国/美国,雷德利·斯科特,剧情,动作,http://www.imdb.com/title/tt0172495,112620,8.4,155分钟,大卫·弗兰佐尼,45.9%,37.6%,角斗士 Gladiator,2000
243,克林特·伊斯特伍德,梅丽尔·斯特里普,Annie Corley,美国,克林特·伊斯特伍德,剧情,爱情,http://www.imdb.com/title/tt0112579,80656,8.5,135 分钟,理查德·拉·格拉文斯,41.5%,43.4%,廊桥遗梦 The Bridges of Madison County,1995
244,小林薰,椎名桔平,香川照之,日本,崔洋一,剧情,,http://www.imdb.com/title/tt0400761,106308,8.4,100分钟,丸山升一,45.5%,38.1%,导盲犬小Q クイール,2004
245,郭涛,刘桦,连晋,中国大陆/香港,宁浩,喜剧,犯罪,http://www.imdb.com/title/tt0843270,255550,8.2,106 分钟(香港),张承,46.1%,32.5%,疯狂的石头,2006
246,约翰尼·德普,莱昂纳多·迪卡普里奥,朱丽叶特·刘易斯,美国,莱塞·霍尔斯道姆,剧情,爱情,http://www.imdb.com/title/tt0108550,71565,8.6,118分钟,皮特·海格斯,44.9%,42.8%,不一样的天空 What's Eating Gilbert Grape,1993
247,孙艺珍,曹承佑,赵寅成,韩国,郭在容,剧情,爱情,http://www.imdb.com/title/tt0348568,195087,8.2,127 分钟,郭在容,41.5%,35.7%,假如爱有天意 ???,2003
248,宫哲,金雅琴,罗忠学,中国大陆,马俪文,剧情,,http://www.imdb.com/title/tt0757376,65241,8.6,88分钟,马俪文,42.9%,44.8%,我们俩,2005
249,范·迪塞尔,保罗·沃克,道恩·强森,www.fastfivemovie.com,林诣彬,剧情,动作,http://www.fastfivemovie.com,192528,8.4,130分钟,克里斯·摩根,44.1%,39.3%,速度与激情5 Fast Five,2011
